id,title_zh,title_en,content_zh,content_en,summary_zh,summary_en,date,image_url,status,region
t020,【生活小智慧5】善用膠樽紙盒　極速收納散亂膠袋,,"<p></p><p>📺 香港01 | <a href=""https://www.youtube.com/watch?v=RrJuZEEjRek"" target=""_blank"">觀看影片</a></p>",,膠袋亂晒點收？善用膠樽紙盒DIY做收納器，散亂膠袋即刻企理晒，慳位環保又免費，極速搞掂。,,2026-08-12,https://img.youtube.com/vi/RrJuZEEjRek/hqdefault.jpg,published,hk
t019,香港專業整理收納協會 HAPO 協會工作介紹短片,,"<p></p><p>📺 Hong Kong Association of Professional Organizing | <a href=""https://www.youtube.com/watch?v=GIwnu2JcEM8"" target=""_blank"">觀看影片</a></p>",,想知整理師係點運作？香港專業整理收納協會HAPO官方短片，一次過睇晒協會工作同專業整理服務係咩一回事。,,2026-08-12,https://img.youtube.com/vi/GIwnu2JcEM8/hqdefault.jpg,published,hk
t018,直擊整理師執屋8.5小時　示範執屋4大步驟｜#執屋 #整理師,,"<p></p><p>📺 明報 Mingpao | <a href=""https://www.youtube.com/watch?v=Hji_xMBL5pU"" target=""_blank"">觀看影片</a></p>",,執屋8.5小時全程直擊！整理師示範執屋4大步驟，睇住點樣由亂到齊，學識流程自己都可以跟住執。,,2026-08-12,https://img.youtube.com/vi/Hji_xMBL5pU/hqdefault.jpg,published,hk
t017,收納師「極簡主義」家居大公開！香港 400 多呎單位竟然可以零雜物？| Room Tour | 斷捨離 | Harper's BAZAAR HK TV,,"<p></p><p>📺 Harper's BAZAAR HK | <a href=""https://www.youtube.com/watch?v=YjxVqovOF2k"" target=""_blank"">觀看影片</a></p>",,香港400幾呎單位點樣零雜物？收納師極簡主義家居Room Tour大公開，斷捨離後嘅生活空間原來可以咁乾淨企理。,,2026-08-12,https://img.youtube.com/vi/YjxVqovOF2k/hqdefault.jpg,published,hk
t016,【收納達人】4 件家居衣物收納法寶　香港地蝸居必備！ │ 網購攻略,,"<p></p><p>📺 香港01 | <a href=""https://www.youtube.com/watch?v=DHjDPx8_zZU"" target=""_blank"">觀看影片</a></p>",,蝸居收納必睇！4件家居衣物收納法寶推介，唔使大改造都慳到好多位，香港地細單位一樣收得靚。,,2026-08-12,https://img.youtube.com/vi/DHjDPx8_zZU/hqdefault.jpg,published,hk
t014,【淘寶開箱】21件家品＋貓物＋汽車用品👊報告：寄失¥200貨？😡追討實錄＋實用資訊👉618必買｜淘寶好物｜淘寶必買｜官方集運｜集運教學｜4PX優惠券｜Taobao Unboxing Haul,,"<p></p><p>📺 草根貓 Grassroots Cat | <a href=""https://www.youtube.com/watch?v=JA0V1Xzb_l4"" target=""_blank"">觀看影片</a></p>",,淘寶開箱21件家品、貓物加汽車用品，仲有寄失¥200貨品追討實錄同618必買清單，集運教學加優惠券攻略一次睇晒。,,2026-08-12,https://img.youtube.com/vi/JA0V1Xzb_l4/hqdefault.jpg,published,hk
t013,【淘寶開箱】12件家品＋生活用品＋貓物👊可摺食物保溫墊♨️¥25實用修牆膏⚙️全實測示範🔨淘寶必買好物｜淘寶開箱香港｜淘寶開箱2023｜廚房用品｜淘寶神器｜Taobao Unboxing,,"<p></p><p>📺 草根貓 Grassroots Cat | <a href=""https://www.youtube.com/watch?v=1qudd5ePZ-o"" target=""_blank"">觀看影片</a></p>",,淘寶開箱12件家品＋生活用品，可摺食物保溫墊同¥25修牆膏全實測示範，邊樣值得買一眼睇清楚。,,2026-08-12,https://img.youtube.com/vi/1qudd5ePZ-o/hqdefault.jpg,published,hk
t012,【淘寶開箱】淘咩都包郵，黎緊雙11買乜好?｜廚具家居用品好物開箱｜0運費一件包郵到港💪🏻唔使集齊先買好方便｜好物推薦｜淘寶開箱,,"<p></p><p>📺 HEA佬日記 | <a href=""https://www.youtube.com/watch?v=_-wSdvPrMO0"" target=""_blank"">觀看影片</a></p>",,淘寶開箱好物推介：廚具家居用品件件包郵，0運費一件直送香港，唔使集齊先寄，雙11入手攻略睇呢度。,,2026-08-12,https://img.youtube.com/vi/_-wSdvPrMO0/hqdefault.jpg,published,hk
t011,【淘寶開箱】13件家品➕生活用品👊小家電$600是否智商稅了?😥實用收納架💡手部按摩器👊雙12購物攻略｜淘寶開箱香港｜淘寶集運｜淘寶好物｜淘寶教學｜Taobao｜ShopBack購物回贈,,"<p></p><p>📺 草根貓 Grassroots Cat | <a href=""https://www.youtube.com/watch?v=psa5SVgTMB4"" target=""_blank"">觀看影片</a></p>",,淘寶開箱13件家品，$600小家電究竟係咪智商稅？實用收納架、手部按摩器逐件測，雙12購物攻略加集運教學一次過睇。,,2026-08-12,https://img.youtube.com/vi/psa5SVgTMB4/hqdefault.jpg,published,hk
t010,📦拼多多開箱(78)📦🔥今期共開14箱，貨品包括：水果2種、佐膳食品、名牌抽紙巾、龜魚食品、手機週邊產品、湯包、家居日用品、個人日用品、方便包裝的食品、零食🔥［全香港最頻密開箱的播主］,,"<p></p><p>📺 華樂坊主 | <a href=""https://www.youtube.com/watch?v=w8K_ut6bxTE"" target=""_blank"">觀看影片</a></p>",,拼多多開箱第78集，一次拆14箱：水果、佐膳食品、抽紙巾、湯包、家居日用品加零食，樣樣實測，睇完再決定買唔買。,,2026-08-11,https://img.youtube.com/vi/w8K_ut6bxTE/hqdefault.jpg,published,hk
t009,"淘寶開箱 +『淘寶集運推薦』全香港最快??   今天付款,明天送到？ 淘寶集運教學",,"<p></p><p>📺 KENNY'哥🚀 | <a href=""https://www.youtube.com/watch?v=wABQdaGZXSE"" target=""_blank"">觀看影片</a></p>",,淘寶集運邊間最快？實測今日付款聽日送到係咪真，集運教學一次過講清流程，買淘寶慳時間必睇。,,2026-08-11,https://img.youtube.com/vi/wABQdaGZXSE/hqdefault.jpg,published,hk
t008,淘寶平靚正❓❗  餐枱開箱大揭秘㊙️㊙️㊙️｜Tim Ho作品🎬｜中文字幕▶,,"<p></p><p>📺 Tim Ho 何偉立 | <a href=""https://www.youtube.com/watch?v=b924eqDme-o"" target=""_blank"">觀看影片</a></p>",,淘寶買傢俬平靚正？餐枱開箱大揭秘，實物靚唔靚、值唔值一眼睇晒，附中文字幕慢慢睇。,,2026-08-11,https://img.youtube.com/vi/b924eqDme-o/hqdefault.jpg,published,hk
t007,新居淘寶買．買．買｜30件開箱分享｜99%都冇伏｜廚房收納/家俬/家品/燈飾｜還未買完｜購物車加購中…｜新屋淘寶～第一集,,"<p></p><p>📺 M’s Kitchen 親子入廚小天地 | <a href=""https://www.youtube.com/watch?v=_rD3nPZKAKE"" target=""_blank"">觀看影片</a></p>",,新居淘寶30件開箱分享，99%冇伏！廚房收納、家俬、家品、燈飾逐件睇，新屋入伙買淘寶照住呢張清單就啱。,,2026-08-11,https://img.youtube.com/vi/_rD3nPZKAKE/hqdefault.jpg,published,hk
t006,【淘寶開箱】打破草根貓歷來開箱片件數👊18件生活用品➕家品⭕️總有一件讓你心動😍拆完即時試用👍但...最後一件...中伏踩雷?😨Taobao Haul & Unboxing,,"<p></p><p>📺 草根貓 Grassroots Cat | <a href=""https://www.youtube.com/watch?v=XHR6s67ZpMU"" target=""_blank"">觀看影片</a></p>",,淘寶開箱18件生活用品＋家品，拆完即時試用逐件實測，大部分都令人心動，但最後一件竟然中伏踩雷？睇完先知邊樣唔好買。,,2026-08-11,https://img.youtube.com/vi/XHR6s67ZpMU/hqdefault.jpg,published,hk
t005,【淘寶開箱】19件生活好物+食物👊🏼超正買餸車👏實測乾鞋機👞雨天救星💧睡覺神器😴菜鳥APP｜菜鳥集運｜杯麵｜貓玩具｜Medicom口罩｜汽車用品｜淘寶好物｜淘寶必買｜螞蟻銀行｜Taobao,,"<p></p><p>📺 草根貓 Grassroots Cat | <a href=""https://www.youtube.com/watch?v=soWsZOXDdi0"" target=""_blank"">觀看影片</a></p>",,淘寶開箱19件生活好物＋食物，超正買餸車、實測乾鞋機雨天救星、睡覺神器，菜鳥集運教學加口罩貓玩具通通有。,,2026-08-11,https://img.youtube.com/vi/soWsZOXDdi0/hqdefault.jpg,published,hk
t004,我的淘寶零食終於開箱了！ ！第一次用的WePost代運敏感物品 || Unboxing my TaoBao Snacks!,,"<p></p><p>📺 HilaryLim 希拉里 | <a href=""https://www.youtube.com/watch?v=v-stlPP880U"" target=""_blank"">觀看影片</a></p>",,淘寶零食首次開箱！用WePost代運敏感物品實測，零食點樣安全運到香港，代運流程同結果一次睇晒。,,2026-08-11,https://img.youtube.com/vi/v-stlPP880U/hqdefault.jpg,published,hk
t003,淘寶開箱特輯 Taobao Unboxing 📦✨｜織女補貨 Yarn & DIY 🧶｜廚房衣櫃收納好物 Storage Finds 🧺｜竟然有廉航神器？✈️｜Lauren's Map VLOG#15,,"<p></p><p>📺 Lauren's Map | <a href=""https://www.youtube.com/watch?v=j9nPYzuWANY"" target=""_blank"">觀看影片</a></p>",,淘寶開箱特輯：織女補貨毛冷DIY、廚房衣櫃收納好物、仲有廉航神器？Lauren's Map開箱實測，睇下有咩值得入手。,,2026-08-11,https://img.youtube.com/vi/j9nPYzuWANY/hqdefault.jpg,published,hk
t002,【淘寶實體店】全店超過 170件家具（附價錢）‼️ 歷來件數最多的淘寶片👊一片睇清產品款式價錢➕購買流程👊尖沙咀中港城｜PapaHome｜papabo｜淘寶家品店｜淘寶香港家具實體店,,"<p></p><p>📺 草根貓 Grassroots Cat | <a href=""https://www.youtube.com/watch?v=2gCGQAMKW-U"" target=""_blank"">觀看影片</a></p>",,淘寶實體店全店超過170件家具仲附埋價錢！尖沙咀中港城PapaHome實地視察，款式價錢購買流程一片睇清。,,2026-08-11,https://img.youtube.com/vi/2gCGQAMKW-U/hqdefault.jpg,published,hk
t001,【淘寶開箱】11.11這樣淘寶真的更省錢！愛淘寶的人一定要看｜絕對不踩雷的秋風搭配！,,"<p></p><p>📺 HilaryLim 希拉里 | <a href=""https://www.youtube.com/watch?v=vDR5r4MNmFc"" target=""_blank"">觀看影片</a></p>",,11.11淘寶點買先慳錢？秋季搭配清單保證唔踩雷，愛淘寶嘅人必睇，買前睇定攻略慳返一筆。,,2026-08-11,https://img.youtube.com/vi/vDR5r4MNmFc/hqdefault.jpg,published,hk
t021,各空間整理妙招大公開！20招以上收納技巧，讓你家一路從玄關整潔美觀到臥室～｜收納改造研究室｜蛙家,,"<p></p><p>📺 蛙家Waja | <a href=""https://www.youtube.com/watch?v=h0-JxneEyL4"" target=""_blank"">觀看影片</a></p>",,20招以上收納技巧一次睇晒，由玄關到臥室各空間整理妙招，跟住做屋企一路企理到入房。,,2026-08-13,https://img.youtube.com/vi/h0-JxneEyL4/hqdefault.jpg,published,hk
t022,HK 港生活【開心Share】Muji收納衣物小技巧  快學！,,"<p></p><p>📺 港生活 | <a href=""https://www.youtube.com/watch?v=QEICurrL-r0"" target=""_blank"">觀看影片</a></p>",,Muji衣物收納小技巧快學！跟住香港達人示範，衫褲點摺點收先慳位，家居即刻變整齊。,,2026-08-13,https://img.youtube.com/vi/QEICurrL-r0/hqdefault.jpg,published,hk
t023,抗疫生活｜蝸居雜物多難在家工作 收納達人教5招執屋貼士 #星島頭條 #SingTaoHeadline #新冠疫情 #疫情 #抗疫 #防疫 #抗疫生活 #收納 #執屋 #MUJI,,"<p></p><p>📺 星島頭條 | <a href=""https://www.youtube.com/watch?v=GOA2RiOxpy4"" target=""_blank"">觀看影片</a></p>",,蝸居雜物多難在家工作？收納達人教5招執屋貼士，抗疫期間家居企理晒，在家工作都舒服啲。,,2026-08-13,https://img.youtube.com/vi/GOA2RiOxpy4/hqdefault.jpg,published,hk
t024,Daiso12蚊店收納好物Top5！員工私心推介風筒架/萬用收納板超好用｜食玩買｜收納｜家居,,"<p></p><p>📺 香港01 | <a href=""https://www.youtube.com/watch?v=EFNPX9c7RQQ"" target=""_blank"">觀看影片</a></p>",,Daiso12蚊店收納好物Top5！員工私心推介風筒架、萬用收納板超好用，平價收納神器入手清單。,,2026-08-13,https://img.youtube.com/vi/EFNPX9c7RQQ/hqdefault.jpg,published,hk
t025,【Kira Vlog】我要做個收納師ep.40| 《素人家居改造系列》 爆改香港400呎公屋🏠🍳70多歲老￼￼夫婦的奶油風之家✨搵過收納師都搞唔掂？😱￼雜物堆滿客廳大型斷捨離現場👵🏻,,"<p></p><p>📺 KIRA CHAN 陳葦璇 | <a href=""https://www.youtube.com/watch?v=Q_Kk0I-op1c"" target=""_blank"">觀看影片</a></p>",,爆改香港400呎公屋！70多歲老夫婦雜物堆滿客廳，整理師大斷捨離變奶油風之家，睇住點樣煥然一新。,,2026-08-13,https://img.youtube.com/vi/Q_Kk0I-op1c/hqdefault.jpg,published,hk
t026,小家收納術🌿｜讓小家越住越大🏠｜我喜愛的收納用品,,"<p></p><p>📺 winglife | <a href=""https://www.youtube.com/watch?v=WjVtJBYEsKw"" target=""_blank"">觀看影片</a></p>",,小家收納術：令屋企越住越大！喜愛收納用品分享，細單位都住得闊落舒服嘅秘訣一次睇晒。,,2026-08-14,https://img.youtube.com/vi/WjVtJBYEsKw/hqdefault.jpg,published,hk
t027,整理收納師Suki教你清潔執屋 生活乾淨企理！,,"<p></p><p>📺 am730 | <a href=""https://www.youtube.com/watch?v=ER7n2x1Y1uk"" target=""_blank"">觀看影片</a></p>",,整理收納師Suki教你清潔執屋，生活乾淨企理冇難度，執屋步驟同清潔技巧逐樣示範。,,2026-08-14,https://img.youtube.com/vi/ER7n2x1Y1uk/hqdefault.jpg,published,hk
t028,【居家整理】整理收納小知識(下) | 什麼？整理家裡竟然也可以賺零用錢？！,,"<p></p><p>📺 買厝 | <a href=""https://www.youtube.com/watch?v=osNgOD67Kxg"" target=""_blank"">觀看影片</a></p>",,整理收納小知識下集：原來整理屋企都可以賺零用錢？學識收納點樣變現，順手執埋屋。,,2026-08-14,https://img.youtube.com/vi/osNgOD67Kxg/hqdefault.jpg,published,hk
t029,家居收納技巧📦整理一次 永遠保持房間整潔,,"<p></p><p>📺 陳車 Carter Chan | <a href=""https://www.youtube.com/watch?v=7IaLCFhPV7c"" target=""_blank"">觀看影片</a></p>",,家居收納技巧：整理一次就可以永遠保持房間整潔，跟住做唔使日日執，一勞永逸嘅收納心法。,,2026-08-14,https://img.youtube.com/vi/7IaLCFhPV7c/hqdefault.jpg,published,hk
t030,12個日式家居收納妙招，立刻釋放家中空間,,"<p></p><p>📺 日式思維 | <a href=""https://www.youtube.com/watch?v=2DffwR7nIRs"" target=""_blank"">觀看影片</a></p>",,12個日式家居收納妙招，即時釋放屋企空間，跟住學識日式收納，蝸居都即刻闊落晒。,,2026-08-14,https://img.youtube.com/vi/2DffwR7nIRs/hqdefault.jpg,published,hk
t031,"5个家居收纳的实用技巧, 懒人也能保持房间整洁| 收纳整理干货分享✨",,"<p></p><p>📺 Allo_Cindy | <a href=""https://www.youtube.com/watch?v=3VlFFD5vxKo"" target=""_blank"">觀看影片</a></p>",,5個實用家居收納技巧，懶人都可以保持房間整潔，乾貨整理分享，唔使大工程都收得靚。,,2026-08-15,https://img.youtube.com/vi/3VlFFD5vxKo/hqdefault.jpg,published,hk
t032,【Kira Vlog】我要做個收納師ep.4 | ￼有史以來見過最亂的屋企😂 淺木系無印風出租屋大改造！執屋執到崩潰￼🙈,,"<p></p><p>📺 KIRA CHAN 陳葦璇 | <a href=""https://www.youtube.com/watch?v=sv5fHx3DxAI"" target=""_blank"">觀看影片</a></p>",,有史以來最亂嘅屋企大改造！淺木系無印風出租屋執到崩潰，睇整理師點樣由混亂變無印風。,,2026-08-15,https://img.youtube.com/vi/sv5fHx3DxAI/hqdefault.jpg,published,hk
t033,【Kira Vlog】我要做個收納師ep.70| 《素人家居改造系列》香港210尺納米樓大改造🏠低budget軟裝解決收納問題✨ 獨居女士的白色簡約風小蝸居💕,,"<p></p><p>📺 KIRA CHAN 陳葦璇 | <a href=""https://www.youtube.com/watch?v=U5WnhfufVoc"" target=""_blank"">觀看影片</a></p>",,香港210呎納米樓大改造！低budget軟裝解決收納問題，獨居女士白色簡約風小蝸居，細單位都住得好舒服。,,2026-08-15,https://img.youtube.com/vi/U5WnhfufVoc/hqdefault.jpg,published,hk
t034,【廚房小改造】淘寶廚房收納神器開箱🔥 香港品牌電器開箱📦想唔到最實用竟然係佢！✨（附開倉資訊）,,"<p></p><p>📺 Pik Pik Channel | <a href=""https://www.youtube.com/watch?v=rSpKheF6su4"" target=""_blank"">觀看影片</a></p>",,淘寶廚房收納神器開箱＋香港品牌電器，點知最實用竟然係佢！附開倉資訊，廚房改造入手前必睇。,,2026-08-15,https://img.youtube.com/vi/rSpKheF6su4/hqdefault.jpg,published,hk
t035,德國 Kessebohmer 廚櫃拉籃系統｜高身拉出式廚房收納神器｜東泰裝飾,,"<p></p><p>📺 garylcyhk | <a href=""https://www.youtube.com/watch?v=JhpCdGN8fDg"" target=""_blank"">觀看影片</a></p>",,德國Kessebohmer廚櫃拉籃系統開箱，高身拉出式廚房收納神器，東泰裝飾示範點樣善用深櫃空間。,,2026-08-15,https://img.youtube.com/vi/JhpCdGN8fDg/hqdefault.jpg,published,hk
t036,超驚人囤積症整理！直擊整理師5步驟收納3坪雜亂房間，私推IKEA必買哪些增量收納好物？Feat.HOHO好生活、IKEA｜收納改造研究室｜蛙家,,"<p></p><p>📺 蛙家Waja | <a href=""https://www.youtube.com/watch?v=quO9-_V1sms"" target=""_blank"">觀看影片</a></p>",,囤積症整理直擊！整理師5步驟收納3坪雜亂房間，仲私推IKEA增量收納好物，亂房變整齊實戰示範。,,2026-08-16,https://img.youtube.com/vi/quO9-_V1sms/hqdefault.jpg,published,hk
t037,極簡不是空，是對生活溫柔！從「收納狂」變身「少物簡約」，4人1柴一起簡單過生活的實踐指南，27坪無印之家的留白整理訣竅大公開！｜蛙家到你家ep.3｜蛙家 feat. 享生活-打造無印之家 吳敏恩,,"<p></p><p>📺 蛙家Waja | <a href=""https://www.youtube.com/watch?v=vt63UfnNTlM"" target=""_blank"">觀看影片</a></p>",,由收納狂變身少物簡約！4人1柴27坪無印之家留白整理竅門公開，極簡唔係空，係對生活溫柔。,,2026-08-16,https://img.youtube.com/vi/vt63UfnNTlM/hqdefault.jpg,published,hk
t038,【裝修攻略】小廚房大利用！收納神器幫你做到！｜100室內設計,,"<p></p><p>📺 100室內設計 | <a href=""https://www.youtube.com/watch?v=LEkZAE9TKK8"" target=""_blank"">觀看影片</a></p>",,小廚房大利用！收納神器幫你慳位，裝修攻略教你廚房點樣收先實用，細廚房都夠用。,,2026-08-16,https://img.youtube.com/vi/LEkZAE9TKK8/hqdefault.jpg,published,hk
t039,職業實訪收納師!!收錢幫人掉垃圾？案例直擊:香港私樓雜物太多四人睡一張床??!這誤會大了..收納師最不推薦的用品！兩天實戰跟拍+家中混亂如何反映心理狀態?!!,,"<p></p><p>📺 OyanSAYS | <a href=""https://www.youtube.com/watch?v=o1yRNHwjP_A"" target=""_blank"">觀看影片</a></p>",,收納師實訪！收錢幫人掉垃圾係真？香港私樓雜物多到四人睡一張床，仲公開最不推薦嘅收納用品。,,2026-08-16,https://img.youtube.com/vi/o1yRNHwjP_A/hqdefault.jpg,published,hk
t040,【Kira Vlog】我要做個收納師ep.74| 《素人家居改造系列》香港960呎4人家庭空間轉移大改造🤭￼忙於照顧￼新生嬰兒👩🏻‍🍼雜物掩蓋睡覺空間🙈￼￼三人合力推衣櫃大成功💪🏻✨￼,,"<p></p><p>📺 KIRA CHAN 陳葦璇 | <a href=""https://www.youtube.com/watch?v=4TIBEnqEKIw"" target=""_blank"">觀看影片</a></p>",,香港960呎4人家庭大改造！新生嬰兒加雜物掩蓋睡覺空間，三人合力推衣櫃，睇空間點樣大挪移。,,2026-08-16,https://img.youtube.com/vi/4TIBEnqEKIw/hqdefault.jpg,published,hk
t041,執屋可以改運？科學證實：混亂空間正喺度吸乾你嘅財富與能量！《清潔的力量》顛覆認知嘅空間管理學,,"<p></p><p>📺 Alina粵讀社 | <a href=""https://www.youtube.com/watch?v=brOJlhOe-CI"" target=""_blank"">觀看影片</a></p>",,執屋可以改運？科學證實混亂空間會吸乾財富能量，睇《清潔的力量》空間管理學，學識整理改變運氣。,,2026-08-17,https://img.youtube.com/vi/brOJlhOe-CI/hqdefault.jpg,published,hk
t042,【 點讀 】必學「7-5-1 收納法」，3 個步驟，令你屋企瞬間變身高級酒店！｜《斷捨離》｜廣東話好書分享｜,,"<p></p><p>📺 點讀 - 廣東話好書分享頻道 | <a href=""https://www.youtube.com/watch?v=hbeKsDlPJJk"" target=""_blank"">觀看影片</a></p>",,必學7-5-1收納法！3個步驟令屋企變高級酒店，廣東話好書分享《斷捨離》，執屋慳位即刻上手。,,2026-08-17,https://img.youtube.com/vi/hbeKsDlPJJk/hqdefault.jpg,published,hk
t043,極簡生活的8種紙箱收納創意｜變廢為寶再利用DIY｜極簡省錢秘訣,,"<p></p><p>📺 Minimalist Paik 極簡小白 | <a href=""https://www.youtube.com/watch?v=MvXwgb7a8Dc"" target=""_blank"">觀看影片</a></p>",,極簡生活8種紙箱收納創意，變廢為寶DIY再利用，慳錢又環保，紙箱唔好嘥，收納神器自己做。,,2026-08-17,https://img.youtube.com/vi/MvXwgb7a8Dc/hqdefault.jpg,published,hk
t044,🇭🇰當我疲憊時，我會整理。香港小屋必備的收納術，節約空間。,,"<p></p><p>📺 Soft Di | <a href=""https://www.youtube.com/watch?v=DHvrd2AyC4g"" target=""_blank"">觀看影片</a></p>",,疲憊時就整理！香港小屋必備收納術，節約空間住得更舒服，細單位收納心得一次睇晒。,,2026-08-17,https://img.youtube.com/vi/DHvrd2AyC4g/hqdefault.jpg,published,hk
t045,【Kira Vlog】我要做個收納師ep.59| 《素人家居改造系列》 香港443尺公屋單位大改造￼🛋️有史以來執過最多玩具嘅屋企‼️￼￼嚴重斷捨離之旅🫠￼￼整理小朋友學習區域✨改善衣物儲存👚,,"<p></p><p>📺 KIRA CHAN 陳葦璇 | <a href=""https://www.youtube.com/watch?v=kunc2BA7Cu4"" target=""_blank"">觀看影片</a></p>",,香港443呎公屋大改造！執過最多玩具嘅屋企，嚴重斷捨離之旅，仲改善小朋友學習區同衣物儲存。,,2026-08-17,https://img.youtube.com/vi/kunc2BA7Cu4/hqdefault.jpg,published,hk
t046,主婦最強收納術！有小孩的家也可以很整齊？！職業媽媽的療癒系收納日常吸引50萬人朝聖，開箱一家4口家事分配、收納心法、眾多好物推薦｜蛙家到你家ep.2｜蛙家 feat. Teresa療癒系之收納日常,,"<p></p><p>📺 蛙家Waja | <a href=""https://www.youtube.com/watch?v=l2fGVM9ao2M"" target=""_blank"">觀看影片</a></p>",,有小孩嘅家都可以好整齊？職業媽媽療癒系收納日常，一家4口家事分配收納心法，仲有好多好物推介。,,2026-08-18,https://img.youtube.com/vi/l2fGVM9ao2M/hqdefault.jpg,published,hk
t047,【家居整理】每天做10件小事保持家居整潔 根本不用大掃除！｜買回家 就是災難的開始！10種絕對不會買的物品｜如何有效斷捨離？破解整理迷思！家居整潔的人絕不犯這８個錯誤！#斷捨離 #整理收納,,"<p></p><p>📺 Anton的極簡生活 | <a href=""https://www.youtube.com/watch?v=oARmcv9wUho"" target=""_blank"">觀看影片</a></p>",,每日做10件小事保持家居整潔，根本唔使大掃除！仲有10種唔會買嘅物品同斷捨離迷思破解，家居整潔人必睇。,,2026-08-18,https://img.youtube.com/vi/oARmcv9wUho/hqdefault.jpg,published,hk
t048,【5個收納技巧】不極簡也能打造順手感生活｜抽屜收納Tips✨我家的實用整理心法｜Organize with me,,"<p></p><p>📺 Colly簡約生活 | <a href=""https://www.youtube.com/watch?v=tzfovMBF7l4"" target=""_blank"">觀看影片</a></p>",,唔極簡都可以打造順手感生活！抽屜收納Tips＋實用整理心法，跟住執屋日日都順手。,,2026-08-18,https://img.youtube.com/vi/tzfovMBF7l4/hqdefault.jpg,published,hk
t049,【小戶型廚房收納好物🏠】不喜歡枱面太多東西🙅🏻‍♂️，能進櫃子一定要進櫃子！鍋具疊高高，垂直收納✅，方便拿取＆易打理😍😍！,,"<p></p><p>📺 MEALPREPERA | michelle | <a href=""https://www.youtube.com/watch?v=Uo8mWXleB_w"" target=""_blank"">觀看影片</a></p>",,小戶型廚房收納：唔鍾意枱面太多嘢？能入櫃就入櫃，鍋具疊高高垂直收納，方便攞又易打理。,,2026-08-18,https://img.youtube.com/vi/Uo8mWXleB_w/hqdefault.jpg,published,hk
t050,你的廚房還在亂！廚房收納小物大PK，大創、IKEA誰可以勝出？｜PK 好物東西軍｜蛙家,,"<p></p><p>📺 蛙家Waja | <a href=""https://www.youtube.com/watch?v=okWL4irzMxs"" target=""_blank"">觀看影片</a></p>",,廚房仲係亂？大創vs IKEA收納小物大PK，邊間性價比高一眼睇晒，廚房收納神器入手前參考。,,2026-08-18,https://img.youtube.com/vi/okWL4irzMxs/hqdefault.jpg,published,hk
t051,生活小分享：我喺屋企是這樣收納食物的🤭#天水圍全職媽媽 #日常生活分享 #記錄生活#收納空間#食物分享#全職媽媽#香港家庭#360特價飲品#每日小分享,,"<p></p><p>📺 妳好媽 ～早．午．晚餐生活日常 | <a href=""https://www.youtube.com/watch?v=65qP8RT975o"" target=""_blank"">觀看影片</a></p>",,天水圍全職媽媽屋企咁樣收納食物，360特價飲品儲備收納分享，慳錢又整齊嘅家居日常。,,2026-08-19,https://img.youtube.com/vi/65qP8RT975o/hqdefault.jpg,published,hk
t052,【Kira Vlog】我要做個收納師ep.58| 《素人家居改造系列》 一日改造200尺客廳挑戰‼️分享五個極速改造成功的元素✨特別適合有寵物同小朋友嘅家庭🥰🏠,,"<p></p><p>📺 KIRA CHAN 陳葦璇 | <a href=""https://www.youtube.com/watch?v=iAMHv5XXAjE"" target=""_blank"">觀看影片</a></p>",,一日改造200呎客廳挑戰！分享五個極速改造成功元素，特別適合有寵物同小朋友嘅家庭。,,2026-08-19,https://img.youtube.com/vi/iAMHv5XXAjE/hqdefault.jpg,published,hk
t053,廚房超好用小物＆不踩雷DIY免鑽牆改造攻略：收納、清潔、實用好物精選推薦，你想找的都在這裡了！一字小宅廚房也能超好收、超好用！｜奧菠愛開箱,,"<p></p><p>📺 Alf 奧菠 | <a href=""https://www.youtube.com/watch?v=x8lyilEd0L4"" target=""_blank"">觀看影片</a></p>",,廚房超好用的小物＋免鑽牆DIY改造攻略，收納清潔實用好物精選，一字小宅廚房一樣好收好用。,,2026-08-19,https://img.youtube.com/vi/x8lyilEd0L4/hqdefault.jpg,published,hk
t054,別再亂買收納盒！專業整理師盤點：廚房深櫃、水槽下的「必備收納神器」清單！【十分鐘收納】#廚房收納,,"<p></p><p>📺 HoHo好服務 | <a href=""https://www.youtube.com/watch?v=q5UqpPnPuQs"" target=""_blank"">觀看影片</a></p>",,唔好亂買收納盒！專業整理師盤點廚房深櫃同水槽下必備收納神器清單，入手前睇定先慳錢。,,2026-08-19,https://img.youtube.com/vi/q5UqpPnPuQs/hqdefault.jpg,published,hk
t055,廚房收納救星！雙開門爐台櫃改2抽屜全記錄！,,"<p></p><p>📺 我家也這樣改 | <a href=""https://www.youtube.com/watch?v=a5mm6CIuSfo"" target=""_blank"">觀看影片</a></p>",,廚房收納救星！雙開門爐台櫃改2個抽屜全記錄，DIY改造示範，廚房空間即刻實用好多。,,2026-08-19,https://img.youtube.com/vi/a5mm6CIuSfo/hqdefault.jpg,published,hk
t056,【Kira Vlog】我要做個收納師ep.26 | 《素人家居改造系列》 380呎香港舊式公屋大改造🏠￼幫公公婆婆將￼殘舊雜亂嘅屋企變成清新簡約風✨改善￼廚房動線 & ￼增加收納空間👍🏻,,"<p></p><p>📺 KIRA CHAN 陳葦璇 | <a href=""https://www.youtube.com/watch?v=JIEHj8sBccM"" target=""_blank"">觀看影片</a></p>",,380呎香港舊式公屋大改造！幫公公婆婆將殘舊雜亂屋企變清新簡約風，廚房動線同收納空間都改善晒。,,2026-08-20,https://img.youtube.com/vi/JIEHj8sBccM/hqdefault.jpg,published,hk
t057,小坪數廚房救星💡廚房收納神物TOP6！空間翻倍不是夢！,,"<p></p><p>📺 Eunice ∞ | <a href=""https://www.youtube.com/watch?v=CaDCI6IjWqw"" target=""_blank"">觀看影片</a></p>",,小坪數廚房救星！廚房收納神物Top6，空間翻倍唔係夢，細廚房慳位神器逐件睇。,,2026-08-20,https://img.youtube.com/vi/CaDCI6IjWqw/hqdefault.jpg,published,hk
t058,收納教學💫廚櫃篇💪🏻 11分鐘學會運用ikea/淘寶/12蚊店 提升收納空間🌈,,"<p></p><p>📺 住家CHOICE | <a href=""https://www.youtube.com/watch?v=KO57M1AoaJM"" target=""_blank"">觀看影片</a></p>",,廚櫃收納教學：11分鐘運用IKEA、淘寶同12蚊店收納好物，學識分區分類，將廚房儲物空間最大化，慳位又整齊。,,2026-08-20,https://img.youtube.com/vi/KO57M1AoaJM/hqdefault.jpg,published,hk
t059,24個天才清潔技巧| 實用的居家技巧，讓日常更整潔有序,,"<p></p><p>📺 妙計 | <a href=""https://www.youtube.com/watch?v=hLEBPHjYIDI"" target=""_blank"">觀看影片</a></p>",,24個天才清潔技巧：一次過睇晒慳力清潔法，由廚房到浴室都有妙招，教你更慳時間又整潔，日常打理輕鬆搞掂。,,2026-08-20,https://img.youtube.com/vi/hLEBPHjYIDI/hqdefault.jpg,published,hk
t060,廚房清潔小技巧｜達丁私房祕訣大公開【家事達丁ep.19】,,"<p></p><p>📺 艾食上 | <a href=""https://www.youtube.com/watch?v=MbugDfiL71o"" target=""_blank"">觀看影片</a></p>",,廚房清潔私房秘訣大公開：達丁示範實用清潔小技巧，教你用啱方法處理油漬污垢，廚房乾淨企理，打理更慳力。,,2026-08-20,https://img.youtube.com/vi/MbugDfiL71o/hqdefault.jpg,published,hk
t061,D-33 | 𝘤𝘭𝘦𝘢𝘯 & 𝘰𝘳𝘨𝘢𝘯𝘪𝘻𝘦 𝘸𝘪𝘵𝘩 𝘮𝘦🫧超實用家居收納法+提升生活質感的家品🛁⊹想考收納師牌？令自己重新愛上這個家｜金鈴,,"<p></p><p>📺 Ling Cheng | <a href=""https://www.youtube.com/watch?v=P7JmIR57LtA"" target=""_blank"">觀看影片</a></p>",,金鈴示範超實用家居收納法，同時推介提升生活質感嘅家品，想考收納師牌嘅話必睇，學識整理令自己重新愛上個家。,,2026-08-21,https://img.youtube.com/vi/P7JmIR57LtA/hqdefault.jpg,published,hk
t062,廚房大改造🛠️裝修前後對比！廚房設計🎯智能洗衣機？5個不後悔超實用小貼士！家電分享｜VNT輕鬆小棧,,"<p></p><p>📺 VNT輕鬆小棧 | <a href=""https://www.youtube.com/watch?v=Bizsmz3baWc"" target=""_blank"">觀看影片</a></p>",,廚房大改造實錄：裝修前後對比，仲有智能洗衣機等家電，5個唔後悔超實用貼士，改造前必睇，慳錢又少伏位。,,2026-08-21,https://img.youtube.com/vi/Bizsmz3baWc/hqdefault.jpg,published,hk
t063,廚房收納大改造！流理台下廚櫃收納改造，活用收納盒、收納架，分類收納放更多更整齊！｜收納改造研究室｜蛙家,,"<p></p><p>📺 蛙家Waja | <a href=""https://www.youtube.com/watch?v=Z4GeToPSLFI"" target=""_blank"">觀看影片</a></p>",,流理台下廚櫃收納改造：活用收納盒同收納架分類整理，將櫃內空間放更多更整齊，廚房雜物即刻條理分明。,,2026-08-21,https://img.youtube.com/vi/Z4GeToPSLFI/hqdefault.jpg,published,hk
t064,家居清潔知多點,,"<p></p><p>📺 香港傷健協會 - 輔導服務部 | <a href=""https://www.youtube.com/watch?v=iKp57JzshZs"" target=""_blank"">觀看影片</a></p>",,家居清潔知多點：一次過學齊清潔冷知識，由污漬處理到日常保養都有方法，搞清原理清潔事半功倍，屋企更乾淨。,,2026-08-21,https://img.youtube.com/vi/iKp57JzshZs/hqdefault.jpg,published,hk
t065,如何簡化家務並且減少清潔時間？🏠｜15個簡化小技巧｜極簡生活｜極簡姐姐巧玉,,"<p></p><p>📺 極簡姐姐 巧玉 | <a href=""https://www.youtube.com/watch?v=fCtVWzfMGHY"" target=""_blank"">觀看影片</a></p>",,簡化家務15個小技巧：極簡生活思維教你減少清潔時間，用最少步驟完成日常打理，慳時間慳精力，家務唔再煩。,,2026-08-21,https://img.youtube.com/vi/fCtVWzfMGHY/hqdefault.jpg,published,hk
t066,"解壓清潔""阿姨勸退房"" | 嚇走了五個清潔阿姨的出租房，六位小哥打掃12個小時【家簡生活】",,"<p></p><p>📺 家简生活 | <a href=""https://www.youtube.com/watch?v=ckS9Xu30kSI"" target=""_blank"">觀看影片</a></p>",,解壓清潔實錄：連累五位清潔阿姨走人嘅出租房，六位小哥打掃足12個鐘，恐怖污糟位逐個清，睇完超治癒又學到嘢。,,2026-08-22,https://img.youtube.com/vi/ckS9Xu30kSI/hqdefault.jpg,published,hk
t067,梳理居家－簡單又上手的居家清潔技巧 蘇怡文老師,,"<p></p><p>📺 京城創意 | <a href=""https://www.youtube.com/watch?v=IBBuXiZxQyU"" target=""_blank"">觀看影片</a></p>",,蘇怡文老師教你簡單上手嘅居家清潔技巧：由步驟到工具都有心得，新手都跟得到，屋企打理得乾淨又慳力。,,2026-08-22,https://img.youtube.com/vi/IBBuXiZxQyU/hqdefault.jpg,published,hk
t068,每天只要5分鐘！家裡乾淨一整年｜7個懶人清潔法，打掃不再累｜好好生活,,"<p></p><p>📺 好好生活 | <a href=""https://www.youtube.com/watch?v=T5C0EOTIxoU"" target=""_blank"">觀看影片</a></p>",,每日5分鐘搞掂屋企！7個懶人清潔法：化整為零日日做少少，打掃唔再攰，全年保持乾淨，最啱忙碌一族。,,2026-08-22,https://img.youtube.com/vi/T5C0EOTIxoU/hqdefault.jpg,published,hk
t069,資深房務員揭密！7個飯店級清潔神技，99%的人都不知道！難怪你家總是掃不乾淨！ #居家清潔 #打掃技巧 #飯店級清潔,,"<p></p><p>📺 智者洞見 | <a href=""https://www.youtube.com/watch?v=vYFYbiLQr2k"" target=""_blank"">觀看影片</a></p>",,資深房務員揭密7個飯店級清潔神技：大部分人都唔知嘅秘技，學識之後打掃又快又乾淨，屋企即刻有酒店級水準。,,2026-08-22,https://img.youtube.com/vi/vYFYbiLQr2k/hqdefault.jpg,published,hk
t070,4個小技巧 讓你過年打掃沒煩惱- 17video提供最新最夯的即時影音,,"<p></p><p>📺 17LIVE | <a href=""https://www.youtube.com/watch?v=8zn5PNXC2rY"" target=""_blank"">觀看影片</a></p>",,過年大掃除冇煩惱：4個實用小技巧幫你輕鬆應付年度清潔，識得排次序同慳力方法，掃屋快靚正。,,2026-08-22,https://img.youtube.com/vi/8zn5PNXC2rY/hqdefault.jpg,published,hk
t071,日常慳錢攻略! 香港出街食點可以keep住$30一餐? 免費有水飲? 8個貼士幫你半年儲10萬|生活小妙招| 中集 #儲錢 #窮人 #生活智慧,,"<p></p><p>📺 懶人理財LazyCaCa | <a href=""https://www.youtube.com/watch?v=0hSaGcrnZ6A"" target=""_blank"">觀看影片</a></p>",,香港出街食慳錢攻略：8個貼士教你keep住$30一餐，連免費水飲都有計，識得慳半年儲到10萬，慳錢人必睇。,,2026-08-23,https://img.youtube.com/vi/0hSaGcrnZ6A/hqdefault.jpg,published,hk
t072,【良心長片】「終極慳錢攻略」- 超市、上網、機票酒店等點慳錢？反洗腦！教你如何減少開支，增加現金流，加速財務自由？ 8個陷阱！9個慳錢秘技！ #財務自由 香港 #儲蓄 #現金流 【輕鬆學財務自由57】,,"<p></p><p>📺 N+TV | <a href=""https://www.youtube.com/watch?v=plLmMWLKtVE"" target=""_blank"">觀看影片</a></p>",,終極慳錢攻略：超市、上網、機票酒店樣樣點慳都有秘技，仲拆解8個消費陷阱，學識減少開支增加現金流，加速財務自由。,,2026-08-23,https://img.youtube.com/vi/plLmMWLKtVE/hqdefault.jpg,published,hk
t074,有錢點解唔敢使？「慳錢慣性」可能偷走你嘅人生｜香港人最容易忽略嘅理財盲點｜理財思維 | 財務自由 | 廣東話,,"<p></p><p>📺 Hazel慢活理財筆記 | <a href=""https://www.youtube.com/watch?v=wYiZgBPizF4"" target=""_blank"">觀看影片</a></p>",,「慳錢慣性」可以偷走人生：點解有錢都唔敢使？香港人最易忽略嘅理財盲點逐一拆解，教你平衡儲蓄同生活，理財思維升級。,,2026-08-23,https://img.youtube.com/vi/wYiZgBPizF4/hqdefault.jpg,published,hk
t075,【每日只係用廿蚊都得？】| 分享在香港從衣食住行的慳錢秘笈丨BY 中坑,,"<p></p><p>📺 中坑FIRE財務自由真人騷 | <a href=""https://www.youtube.com/watch?v=6ZkMMc1npCg"" target=""_blank"">觀看影片</a></p>",,每日廿蚊都得？香港衣食住行慳錢秘笈大公開：由食買玩到搭車都有慳法，極致慳錢生活示範，慳到盡都唔失生活質素。,,2026-08-23,https://img.youtube.com/vi/6ZkMMc1npCg/hqdefault.jpg,published,hk
t076,家居收納—設計師教你辦公枱收納DIY 善用層架膠箱壓縮袋縮小雜物闢收納空間 垃圾手作版主示範收納好物 #專題─果籽 香港 Apple Daily,,"<p></p><p>📺 果籽 | <a href=""https://www.youtube.com/watch?v=_sskJo8MBhU"" target=""_blank"">觀看影片</a></p>",,辦公枱收納DIY：設計師教你善用層架、膠箱同壓縮袋，將雜物縮細騰出空間，桌面即刻整齊又實用，慳位好幫手。,,2026-08-24,https://img.youtube.com/vi/_sskJo8MBhU/hqdefault.jpg,published,hk
t077,廚房有救了！13件廚房收納工具，靈活可調節，適配性高，讓廚房動線順手又清爽｜蒜蒜蒜了八,,"<p></p><p>📺 蒜蒜蒜了八 | <a href=""https://www.youtube.com/watch?v=xRiDuHIhXQE"" target=""_blank"">觀看影片</a></p>",,13件廚房收納工具救你個廚房：全部靈活可調節、適配性高，用啱工具令動線順手又清爽，煮飯收嘢都舒服晒。,,2026-08-24,https://img.youtube.com/vi/xRiDuHIhXQE/hqdefault.jpg,published,hk
t078,18個實用的清潔收納小技巧，你會驚嘆怎麼不早學起來！,,"<p></p><p>📺 wing share | <a href=""https://www.youtube.com/watch?v=7mtTAFaC8dc"" target=""_blank"">觀看影片</a></p>",,18個實用清潔收納小技巧：樣樣簡單易上手，學完先驚嘆點解唔早啲知，慳力又慳時間，家居打理即時升級。,,2026-08-24,https://img.youtube.com/vi/7mtTAFaC8dc/hqdefault.jpg,published,hk
t079,如何儲第一個100萬：「食住行」神人慳錢大法！事隔多年，我的更好「儲錢法」🙏 【施傅教學】#第一桶金 #儲蓄 #慳錢,,"<p></p><p>📺 我要做富翁 | <a href=""https://www.youtube.com/watch?v=HwLaRr2DdtI"" target=""_blank"">觀看影片</a></p>",,儲第一桶金教學：施傅公開「食住行」神人慳錢大法，事隔多年再升級更好儲錢法，想儲第一個100萬必睇實戰心法。,,2026-08-24,https://img.youtube.com/vi/HwLaRr2DdtI/hqdefault.jpg,published,hk
t081,【大掃除秘訣】掌握打掃5大原則、聰明選購清潔劑,,"<p></p><p>📺 潔適康 iclean 堅持更好 讓愛蔓延 | <a href=""https://www.youtube.com/watch?v=lgi_P4yOc40"" target=""_blank"">觀看影片</a></p>",,大掃除秘訣：掌握打掃5大原則，識得點排次序、點樣聰明揀清潔劑，掃屋輕鬆好多，慳力又慳錢。,,2026-08-25,https://img.youtube.com/vi/lgi_P4yOc40/hqdefault.jpg,published,hk
t082,【挖健康】掃除妙招！恐怖廚房、浴廁汙垢，這樣清潔簡單搞定,,"<p></p><p>📺 健康2.0 | <a href=""https://www.youtube.com/watch?v=n8nIdeEehBE"" target=""_blank"">觀看影片</a></p>",,恐怖廚房同浴廁污垢清潔妙招：頑固油漬水垢簡單搞定，用啱方法就唔使捽到手軟，屋企即刻光鮮企理。,,2026-08-25,https://img.youtube.com/vi/n8nIdeEehBE/hqdefault.jpg,published,hk
t083,[七日慳錢挑戰] 每日十元港幣吃兩餐？可以完成嗎？有什麽可以吃？,,"<p></p><p>📺 Kimmi@FIRE | <a href=""https://www.youtube.com/watch?v=KKTmNqX1kRA"" target=""_blank"">觀看影片</a></p>",,七日慳錢挑戰：每日只用10蚊港幣食兩餐做唔做到？有咩可以食？真人實測俾你睇，慳到極致嘅飲食大法。,,2026-08-25,https://img.youtube.com/vi/KKTmNqX1kRA/hqdefault.jpg,published,hk
t084,嚴選10大慳錢方法!!!,,"<p></p><p>📺 投資最容易 | <a href=""https://www.youtube.com/watch?v=cqMlLSH4pQI"" target=""_blank"">觀看影片</a></p>",,嚴選10大慳錢方法：由衣食住行到日常開支都有慳錢招數，容易執行又見效，想儲錢慳錢嘅人一次過睇晒。,,2026-08-25,https://img.youtube.com/vi/cqMlLSH4pQI/hqdefault.jpg,published,hk
t085,【物價下跌💸?】一個月要用幾多錢?香港人點樣慳錢?🔎🕵🏻‍♀️,,"<p></p><p>📺 ONEFi - Global & Asset Management Platform | <a href=""https://www.youtube.com/watch?v=klyQytGoag8"" target=""_blank"">觀看影片</a></p>",,香港人一個月要用幾多錢？物價波動下點慳錢？片中拆解日常開支結構，教你量入為出，慳到錢又有數可計。,,2026-08-25,https://img.youtube.com/vi/klyQytGoag8/hqdefault.jpg,published,hk
t086,【家居整理】「整理」是把東西丟出去「收納」是把東西收進來 ｜整理師不說的秘密：這 10 個習慣不改，東西丟了又長回來｜#斷捨離#極簡#簡單生活#收納整理,,"<p></p><p>📺 Anton的極簡生活 | <a href=""https://www.youtube.com/watch?v=IGVZXitIqzE"" target=""_blank"">觀看影片</a></p>",,斷捨離秘訣：「整理」係掉嘢、「收納」係收嘢，10個習慣唔改嘢就會丟完又生返，學識先真正清到屋企。,,2026-08-26,https://img.youtube.com/vi/IGVZXitIqzE/hqdefault.jpg,published,hk
t087,廚房收納神器,,"<p></p><p>📺 Arm buy | <a href=""https://www.youtube.com/watch?v=Y1TTe5q1Wec"" target=""_blank"">觀看影片</a></p>",,廚房收納神器推介：慳位又好用嘅收納法寶逐個睇，用啱工具廚房雜物即刻有哋收，煮飯搵嘢都快手好多。,,2026-08-26,https://img.youtube.com/vi/Y1TTe5q1Wec/hqdefault.jpg,published,hk
t088,【超實用】慳錢秘訣大公開！香港慳錢方法？日常消費中慳錢嘅秘訣！學識儲錢攻略，成為儲蓄達人、必學慳錢技巧！,,"<p></p><p>📺 BeLeeBaLa 理財&生活頻道 | <a href=""https://www.youtube.com/watch?v=LQVAruzhAno"" target=""_blank"">觀看影片</a></p>",,香港日常消費慳錢秘訣大公開：由買嘢到食嘢都有慳法，學識儲錢攻略做個儲蓄達人，慳錢技巧即學即用。,,2026-08-26,https://img.youtube.com/vi/LQVAruzhAno/hqdefault.jpg,published,hk
t089,【2023加拿大生活成本大公開-飲食篇】｜7大慳錢貼士你要知! 超實用 | #移民加拿大 #加拿大消費  #加拿大生活 #慳錢貼士 #善用優惠,,"<p></p><p>📺 移加有天恩 | <a href=""https://www.youtube.com/watch?v=CNwtBmnQByc"" target=""_blank"">觀看影片</a></p>",,加拿大生活成本飲食篇：2023數據公開，7大慳錢貼士教你慳買餸錢，移民慳家必睇，識用優惠慳到盡。,,2026-08-26,https://img.youtube.com/vi/CNwtBmnQByc/hqdefault.jpg,published,hk
t090,㊙️想慳錢？即睇叫Foodpanda3大慳錢攻略！#慳錢 #理財 #叫外賣 #Foodpanda #儲錢 #生活理財 #儲錢方法 #儲錢買樓 #理財方法 #慳錢生活 #香港慳錢,,"<p></p><p>📺 Miss K Channel | <a href=""https://www.youtube.com/watch?v=LTSgokjiVXM"" target=""_blank"">觀看影片</a></p>",,叫Foodpanda慳錢攻略：3大秘技教你叫外賣慳到盡，儲錢買樓都要慳，識計數先唔會亂使錢。,,2026-08-26,https://img.youtube.com/vi/LTSgokjiVXM/hqdefault.jpg,published,hk
t091,【Kira Vlog】我要做個收納師ep.12 | 《素人家居改造系列》200呎屋企行都無位行仲有兩隻貓😱用軟裝爆改家中格局🏠創造人貓共融空間🐱解決￼無從入手的收納問題！（多衫人士必看）,,"<p></p><p>📺 KIRA CHAN 陳葦璇 | <a href=""https://www.youtube.com/watch?v=2WMSjbny7dw"" target=""_blank"">觀看影片</a></p>",,200呎屋企爆改實錄：行都冇位行仲養兩隻貓，Kira用軟裝重排格局，創造人貓共融空間，解決無從入手嘅收納問題，多衫人士必睇。,,2026-08-27,https://img.youtube.com/vi/2WMSjbny7dw/hqdefault.jpg,published,hk
t092,挑戰慳錢一個月。,,"<p></p><p>📺 Eric港大仔? | <a href=""https://www.youtube.com/watch?v=JH33iIQ2yyE"" target=""_blank"">觀看影片</a></p>",,慳錢一個月挑戰實錄：全程記錄點樣節流度日，生活使費逐項慳，睇下一個月到底慳到幾多，慳錢人參考實例。,,2026-08-27,https://img.youtube.com/vi/JH33iIQ2yyE/hqdefault.jpg,published,hk
t093,《公司厚多士》為左慳錢，你可以去到幾盡！？其實真係可以無極限.....,,"<p></p><p>📺 UPTV娛樂 | <a href=""https://www.youtube.com/watch?v=d5dG04j5g1c"" target=""_blank"">觀看影片</a></p>",,為咗慳錢可以去到幾盡？公司厚多士實測慳錢極限，慳到無極限嘅搞笑又寫實示範，睇完笑住學嘢。,,2026-08-27,https://img.youtube.com/vi/d5dG04j5g1c/hqdefault.jpg,published,hk
t094,#拉闊天台 慳家 Not Behind！有咩慳錢貼士？點可以生活環保啲？,,"<p></p><p>📺 胡思頻道 | <a href=""https://www.youtube.com/watch?v=MGqeMpGuJUw"" target=""_blank"">觀看影片</a></p>",,拉闊天台慳家貼士：慳錢唔等於捱窮，除咗慳錢方法，仲教你點樣慳住過又環保啲，一舉兩得。,,2026-08-27,https://img.youtube.com/vi/MGqeMpGuJUw/hqdefault.jpg,published,hk
t095,旅遊6個慳錢攻略！跟住做慳得最多 玩得盡興｜旅遊小貼士｜自由行攻略｜旅遊省錢懶人包,,"<p></p><p>📺 Sam拍胃 | <a href=""https://www.youtube.com/watch?v=y7fS3GafJ0Q"" target=""_blank"">觀看影片</a></p>",,旅遊慳錢6大攻略：自由行跟住做就慳得最多，由交通住宿到食玩都有慳法，慳住玩一樣盡興。,,2026-08-27,https://img.youtube.com/vi/y7fS3GafJ0Q/hqdefault.jpg,published,hk
t096,【Kira Vlog】我要做個收納師ep.17｜一萬蚊都吾洗既租盤可以改造成點？😍cherry 租屋記下集‼️一搬出嚟住即刻有拖拍🤩 ￼280呎市區溫暖小窩居💕狗狗都開心🐶,,"<p></p><p>📺 KIRA CHAN 陳葦璇 | <a href=""https://www.youtube.com/watch?v=ELMXVG9A4Fo"" target=""_blank"">觀看影片</a></p>",,一萬蚊唔使嘅租盤大改造：280呎市區小窩居變溫暖家，Kira示範搬屋軟裝升級，慳錢之餘狗狗都住得開心。,,2026-08-28,https://img.youtube.com/vi/ELMXVG9A4Fo/hqdefault.jpg,published,hk
t097,#MM｜購物狂媽媽用玩具與姜濤塞爆500呎屋 雙11買到老公入唔到門口生爭執 姜糖為保姜濤應援物 收納師上門執屋清走30袋不合用玩具 教4招收納技巧！｜#700萬種生活 #4K,,"<p></p><p>📺 Mill MILK | <a href=""https://www.youtube.com/watch?v=TBh_iUxT3vQ"" target=""_blank"">觀看影片</a></p>",,500呎屋塞爆執屋實錄：購物狂媽媽買到老公入唔到門口，收納師上門清走30袋玩具，仲教4招收納技巧，斷捨離實戰。,,2026-08-28,https://img.youtube.com/vi/TBh_iUxT3vQ/hqdefault.jpg,published,hk
t098,【Kira Vlog】我要做個收納師ep.6 ｜月租$5300的家可以住成這樣！鬧市中的避風港💕大改造清新少女感小窩居🪴,,"<p></p><p>📺 KIRA CHAN 陳葦璇 | <a href=""https://www.youtube.com/watch?v=zgMHKDLHalk"" target=""_blank"">觀看影片</a></p>",,月租$5300改造清新少女感小窩居：鬧市入面嘅避風港，Kira示範平租盤變靚屋，軟裝升級慳錢又溫馨。,,2026-08-28,https://img.youtube.com/vi/zgMHKDLHalk/hqdefault.jpg,published,hk
t099,【Kira Vlog】我要做個收納師ep.73| 《素人家居改造系列》歷時半年‼️買得最多收納用品的一次改造💪🏻五人家庭空間有限🙈兩姐妹衣物、公仔迫爆睡房👚純白簡約主題減低壓迫感✨,,"<p></p><p>📺 KIRA CHAN 陳葦璇 | <a href=""https://www.youtube.com/watch?v=dFcwHnZAwC8"" target=""_blank"">觀看影片</a></p>",,五人家庭睡房大改造：兩姐妹衣物公仔迫爆房，Kira用純白簡約主題減低壓迫感，空間有限都變整齊舒服。,,2026-08-28,https://img.youtube.com/vi/dFcwHnZAwC8/hqdefault.jpg,published,hk
t100,10樣「偽實用」物品，正在悄悄拖垮你的家。極簡第一步：少買。｜斷舍離｜極簡主義｜整理收納｜整理術｜簡單生活｜更好生活｜Life Is Better,,"<p></p><p>📺 更好生活 | <a href=""https://www.youtube.com/watch?v=y8m9jiZZXTw"" target=""_blank"">觀看影片</a></p>",,10樣「偽實用」物品正在拖垮你個家：以為有用實情係雜物，極簡第一步就係少買，睇完即刻識斷捨離。,,2026-08-28,https://img.youtube.com/vi/y8m9jiZZXTw/hqdefault.jpg,published,hk
t101,【Kira Vlog】我要做個收納師ep.75| 《素人家居改造系列》香港512呎海景單位租屋大改造✨獨愛深色系風格🖤全軟裝放棄正式餐桌切合生活習慣👫🏻完美work from home 工作區💻,,"<p></p><p>📺 KIRA CHAN 陳葦璇 | <a href=""https://www.youtube.com/watch?v=b_mXXbf7V7Q"" target=""_blank"">觀看影片</a></p>",,512呎海景單位租屋改造：Kira用全軟裝打造深色系風格，放棄正式餐桌切合生活習慣，仲設有完美WFH工作區。,,2026-08-29,https://img.youtube.com/vi/b_mXXbf7V7Q/hqdefault.jpg,published,hk
t102,【Kira Vlog】我要做個收納師ep.57| 《素人家居改造系列》 香港227呎公屋翻新大改造✨雜物堆變仔仔學習空間privacy up🥳拆除地台床改變衣物收納置👍🏻 要準備領養貓貓🐱🥹,,"<p></p><p>📺 KIRA CHAN 陳葦璇 | <a href=""https://www.youtube.com/watch?v=zV4qL8NkpwY"" target=""_blank"">觀看影片</a></p>",,227呎公屋翻新實錄：雜物堆變仔仔學習空間，拆地台床改衣物收納，Kira示範有限空間大改造，仲準備領養貓貓。,,2026-08-29,https://img.youtube.com/vi/zV4qL8NkpwY/hqdefault.jpg,published,hk
t103,【Kira Vlog】我要做個￼收納師ep.54| 《素人家居改造系列》 ￼香港￼ 452尺舊樓翻新大改造🚪￼油牆軟裝變身日式田園風之家🏡￼超受歡迎女生都會想要的家🐱🥰,,"<p></p><p>📺 KIRA CHAN 陳葦璇 | <a href=""https://www.youtube.com/watch?v=TjCGs5YTmSg"" target=""_blank"">觀看影片</a></p>",,452呎舊樓翻新改造：油牆加軟裝變日式田園風之家，Kira示範受歡迎嘅溫馨家居風格，舊樓一樣住得靚。,,2026-08-29,https://img.youtube.com/vi/TjCGs5YTmSg/hqdefault.jpg,published,hk
t104,【Kira Vlog】我要做個收納師ep.34 | 《素人家居改造系列》 香港257呎公屋大改造🏠￼兩母女都鍾意儲野🤦🏻‍♀️￼眼花凌亂變到簡潔嘅旅途好￼遙遠？！￼如何做到斷捨離🤯,,"<p></p><p>📺 KIRA CHAN 陳葦璇 | <a href=""https://www.youtube.com/watch?v=eztmZUmfS-0"" target=""_blank"">觀看影片</a></p>",,257呎公屋斷捨離改造：兩母女都愛儲嘢搞到眼花繚亂，Kira示範點樣一步步斷捨離，雜物變簡潔舒服家居。,,2026-08-29,https://img.youtube.com/vi/eztmZUmfS-0/hqdefault.jpg,published,hk
t105,29種伸縮桿巧利用｜收納神器,,"<p></p><p>📺 Minimalist Paik 極簡小白 | <a href=""https://www.youtube.com/watch?v=q7JitWDHJiU"" target=""_blank"">觀看影片</a></p>",,伸縮桿29種用法：一支杆搞掂晒收納問題，由廚房到浴室都有妙用，收納神器用法大集合，慳位好幫手。,,2026-08-29,https://img.youtube.com/vi/q7JitWDHJiU/hqdefault.jpg,published,hk
t106,【粵語·廣東話】拎緊長者生活津貼一定要睇！香港全新牙科新福利，長者50 蚊就可以洗牙同補牙！錯過就白白蝕幾千蚊！,,"<p></p><p>📺 搵錢港人話 | <a href=""https://www.youtube.com/watch?v=hOmU6RTPPIs"" target=""_blank"">觀看影片</a></p>",,長者牙科新福利：攞緊長者生活津貼嘅話，50蚊就可以洗牙同補牙，錯過就白白蝕幾千蚊，合資格長者要識申請。,,2026-08-30,https://img.youtube.com/vi/hOmU6RTPPIs/hqdefault.jpg,published,hk
t107,【Kira Vlog】我要做個收納師ep.48| 《素人家居改造系列》 香港800呎年輕夫婦搬家大改造🏠準備迎接新生BB！￼租屋全軟裝￼極簡少女奶油風🐱🩷,,"<p></p><p>📺 KIRA CHAN 陳葦璇 | <a href=""https://www.youtube.com/watch?v=ZILV-Q8i1cg"" target=""_blank"">觀看影片</a></p>",,800呎年輕夫婦搬家改造：迎接新生BB前大執屋，Kira用全軟裝打造極簡少女奶油風，新屋溫馨又實用。,,2026-08-30,https://img.youtube.com/vi/ZILV-Q8i1cg/hqdefault.jpg,published,hk
t108,【Kira Vlog】我要做個收納師ep.21 | 《素人家居改造系列》 🤯$9000舊式公屋DIY大改造‼️￼污糟多塵程度達￼恐怖級🥶最後竟然改到小清新的廚房？￼浪漫滿屋陽台？✨,,"<p></p><p>📺 KIRA CHAN 陳葦璇 | <a href=""https://www.youtube.com/watch?v=J0JV3_zQ_bg"" target=""_blank"">觀看影片</a></p>",,$9000舊式公屋DIY改造：污糟多塵達恐怖級嘅單位，最終變身小清新廚房加浪漫陽台，低成本大翻身實錄。,,2026-08-30,https://img.youtube.com/vi/J0JV3_zQ_bg/hqdefault.jpg,published,hk
t109,【Kira Vlog】我要做個收納師ep.33 | 《素人家居改造系列》 香港700呎舊式村屋大改造🏠原裝擺位亂咁嚟‼️化解舊式圓拱門問題👍🏻男主人個性￼型格小天地🎮,,"<p></p><p>📺 KIRA CHAN 陳葦璇 | <a href=""https://www.youtube.com/watch?v=LrdMO_XqxqE"" target=""_blank"">觀看影片</a></p>",,700呎舊式村屋改造：原裝擺位亂晒籠，Kira化解圓拱門難題，仲為男主人打造型格私人小天地。,,2026-08-30,https://img.youtube.com/vi/LrdMO_XqxqE/hqdefault.jpg,published,hk
t110,慳錢美化家居Tips! 5個經濟實惠的軟裝技巧💰👌🏻,,"<p></p><p>📺 陳車 Carter Chan | <a href=""https://www.youtube.com/watch?v=fP90GIM2stk"" target=""_blank"">觀看影片</a></p>",,慳錢美化家居5個軟裝技巧：經濟實惠又有質感，用細成本令屋企靚晒，慳錢扮靚家必學。,,2026-08-30,https://img.youtube.com/vi/fP90GIM2stk/hqdefault.jpg,published,hk
t111,【加拿大生活】移民加拿大慳錢秘笈!💰 超有用買餸慳錢APP｜哪些多倫多超市會員值得申請?｜RAChannel,,"<p></p><p>📺 RAChannel | <a href=""https://www.youtube.com/watch?v=njh4zc3PiQw"" target=""_blank"">觀看影片</a></p>",,移民加拿大慳錢秘笈：推介超實用買餸慳錢APP，仲分析多倫多邊間超市會員值得申請，買餸慳到盡。,,2026-08-31,https://img.youtube.com/vi/njh4zc3PiQw/hqdefault.jpg,published,hk
t112,[DIY自己做]最合自己心意嘅小家具! 收納小木櫃製作過程公開！,,"<p></p><p>📺 Uncle Woodpecker | <a href=""https://www.youtube.com/watch?v=UwINxdQ3gUg"" target=""_blank"">觀看影片</a></p>",,DIY收納小木櫃製作教學：由材料到步驟全程公開，親手整最合心意嘅家具，慳錢又有滿足感。,,2026-08-31,https://img.youtube.com/vi/UwINxdQ3gUg/hqdefault.jpg,published,hk
t113,HK$500💰翻新大門DIY🚪公屋變豪宅 Door Renovation,,"<p></p><p>📺 住家CHOICE | <a href=""https://www.youtube.com/watch?v=d8G1YLPeVEk"" target=""_blank"">觀看影片</a></p>",,HK$500翻新大門DIY：低成本將公屋大門變豪宅級，步驟全程示範，慳錢改造門面即刻靚晒。,,2026-08-31,https://img.youtube.com/vi/d8G1YLPeVEk/hqdefault.jpg,published,hk
t114,DIY改造：用時兩天半！僅花一萬多！～讓你的三十年老廁所變身民宿打卡風✌️,,"<p></p><p>📺 Cicely | <a href=""https://www.youtube.com/watch?v=H58wJtIvxE8"" target=""_blank"">觀看影片</a></p>",,三十年老廁所DIY改造：用時兩天半、花費一萬多，就變身民宿打卡風，成個過程公開，翻新廁所參考實例。,,2026-08-31,https://img.youtube.com/vi/H58wJtIvxE8/hqdefault.jpg,published,hk
t115,【裝修設計】全白極簡居屋裝修✨教你自製免費DIY 3D圖！室內設計好用工具＼裝修過程+中伏位大公開／４款適合老人之多功能小家電．自製室內晾衣房｜德國寶家電｜居屋設計｜居屋改造｜,,"<p></p><p>📺 TraveLa 莎朗 | <a href=""https://www.youtube.com/watch?v=EJUKzvyk7Wo"" target=""_blank"">觀看影片</a></p>",,全白極簡居屋裝修全攻略：教你自製免費3D設計圖，裝修過程同中伏位大公開，仲介紹4款啱長者嘅小家電，慳錢設計好參考。,,2026-08-31,https://img.youtube.com/vi/EJUKzvyk7Wo/hqdefault.jpg,published,hk
t116,【家居整理】這些搬家技巧記起來，讓你輕鬆搬家無負擔！不僅好收好打包，開箱歸位也更迅速！租屋族省力搬家收納秘訣,,"<p></p><p>📺 Anton的極簡生活 | <a href=""https://www.youtube.com/watch?v=CLNPqWp0yi0"" target=""_blank"">觀看影片</a></p>",,搬屋慳力秘訣：打包時分類執好、包裝妥當，開箱歸位更快，租屋族搬屋零負擔。,,2026-09-01,https://img.youtube.com/vi/CLNPqWp0yi0/hqdefault.jpg,published,hk
t117,香港一家五口的4㎡厨房收纳其实在香港来说已经不算小了香港厨房收纳简单的幸福好好吃饭,,"<p></p><p>📺 Nic妈妈 | <a href=""https://www.youtube.com/watch?v=Gnsg1cJlO3o"" target=""_blank"">觀看影片</a></p>",,香港一家五口4㎡廚房收納：簡單分類加善用空間，廚房企理晒，煮得開心食得安樂。,,2026-09-01,https://img.youtube.com/vi/Gnsg1cJlO3o/hqdefault.jpg,published,hk
t118,【SUNTEK 外傭教室】WEEK 2 家居清潔：EP07 清潔技巧篇,,"<p></p><p>📺 Suntek Enterprise & 星泰僱傭代理 | <a href=""https://www.youtube.com/watch?v=wePWTwqdgOo"" target=""_blank"">觀看影片</a></p>",,外傭家居清潔教室WEEK 2：EP07清潔技巧篇，執屋掃地有一套，跟住做屋企乾淨晒。,,2026-09-01,https://img.youtube.com/vi/wePWTwqdgOo/hqdefault.jpg,published,hk
t119,[中文/ENG CC] 萬能慳錢APP 四個月慳$5000 + 個人資料被外洩 應該點做好?? | How I save $5000 in 4 months | [K:Time],,"<p></p><p>📺 K:Time | <a href=""https://www.youtube.com/watch?v=tm1MQcFXmlA"" target=""_blank"">觀看影片</a></p>",,慳錢APP四個月慳$5000：慳到錢之餘仲要提防個人資料外洩，點樣保護自己都有教。,,2026-09-01,https://img.youtube.com/vi/tm1MQcFXmlA/hqdefault.jpg,published,hk
t120,【理財Kon】EP1. 錢係慳返嚟嘅❤️ Ways to save money 💰| 5個慳錢實用心得 |𝙏𝙧𝙖𝙫𝙚𝙡𝙬𝙞𝙩𝙝𝙆𝙤𝙣𝙆𝙤𝙣 💕,,"<p></p><p>📺 Konkonkonner💗 | <a href=""https://www.youtube.com/watch?v=h_TtiKBLvwQ"" target=""_blank"">觀看影片</a></p>",,錢係慳返嚟嘅：5個慳錢實用心得，日常慳慳埋埋就係財，小資一族同學生都做到。,,2026-09-01,https://img.youtube.com/vi/h_TtiKBLvwQ/hqdefault.jpg,published,hk
t121,設計師幫你挑！8款IKEA廚房收納好物，增加你的廚房收納力！｜IKEA爆笑新品推薦│租屋族必看IKEA廚房收納大集合｜租寓ZUYOU,,"<p></p><p>📺 租寓 Zuyou | <a href=""https://www.youtube.com/watch?v=lXRnZ7QjdR8"" target=""_blank"">觀看影片</a></p>",,IKEA廚房收納8大推介：設計師幫你揀，廚房收納力大增，租屋族睇啱買得過。,,2026-09-02,https://img.youtube.com/vi/lXRnZ7QjdR8/hqdefault.jpg,published,hk
t122,【省錢秘訣】分享我的五個慳錢大法！如何用$4吃譚仔？！（學生 小資女必看）,,"<p></p><p>📺 蕾蕾daughter | <a href=""https://www.youtube.com/watch?v=KGTkNunVHns"" target=""_blank"">觀看影片</a></p>",,慳錢大法5招：點樣用$4就食到譚仔？學生同小資女都啱用，照住慳即刻見效。,,2026-09-02,https://img.youtube.com/vi/KGTkNunVHns/hqdefault.jpg,published,hk
t123,19 Tips: 慳錢大法 I,,"<p></p><p>📺 CFSO | <a href=""https://www.youtube.com/watch?v=9b7WDU0rEWQ"" target=""_blank"">觀看影片</a></p>",,19個慳錢大法：由日常開落到生活習慣逐個講，識多啲慳法，慳錢自然得心應手。,,2026-09-02,https://img.youtube.com/vi/9b7WDU0rEWQ/hqdefault.jpg,published,hk
t124,立邦抗甲醛淨味兒童漆系列特約：香港空間改造王2 ｜EP7 PT1 ｜ 431呎兩房一廳 如何打造簡約家居？ ｜ 李尚正 ｜ 阿正 ｜ 盧頌恩 ｜ 妹頭 ｜ 空間改造王 ｜ HOY TV ｜HOY 77,,"<p></p><p>📺 HOY媒體網絡 | <a href=""https://www.youtube.com/watch?v=lHYWAjsLXYM"" target=""_blank"">觀看影片</a></p>",,431呎兩房一廳點打造簡約家居？空間改造王實戰示範，細單位一樣好企理。,,2026-09-02,https://img.youtube.com/vi/lHYWAjsLXYM/hqdefault.jpg,published,hk
t125,空間規劃 | 蝸居變豪宅氣派,,"<p></p><p>📺 陳車 Carter Chan | <a href=""https://www.youtube.com/watch?v=rw6H7FgpIcs"" target=""_blank"">觀看影片</a></p>",,蝸居變豪宅氣派：靠空間規劃做得好，細單位一樣有大屋感覺，設計重點逐個學。,,2026-09-02,https://img.youtube.com/vi/rw6H7FgpIcs/hqdefault.jpg,published,hk
t126,執屋=執心？香港整理師親証執衣櫃100%搵到理想伴侶！點解唔可以亂扔屋企人嘅嘢？唔肯斷捨離係因為...｜肉女心經 EP.26,,"<p></p><p>📺 肉女心經 Fatty Whisper | <a href=""https://www.youtube.com/watch?v=RuojPGwgWTk"" target=""_blank"">觀看影片</a></p>",,執衣櫃=執心情？整理師話執好衣櫃100%搵到理想伴侶；亂扔屋企人啲嘢唔可以，斷捨離背後心理逐個拆。,,2026-09-03,https://img.youtube.com/vi/RuojPGwgWTk/hqdefault.jpg,published,hk
t127,中產消失，全球「慳錢模式」啟動？消費降級不止香港有，QE益富人，摧毀中產！投資部署點做好？【#施追擊】#中產崩潰 #QE,,"<p></p><p>📺 我要做富翁 | <a href=""https://www.youtube.com/watch?v=L38yQmeGlzU"" target=""_blank"">觀看影片</a></p>",,消費降級唔止香港：QE益咗富人令中產受壓，全球慳錢模式啟動，投資部署點做好逐個拆。,,2026-09-03,https://img.youtube.com/vi/L38yQmeGlzU/hqdefault.jpg,published,hk
t128,我在香港「生存」開支🥲每月竟要$4萬😱壓力山大啊🤯真實公開我的財務狀況💰理財心得、慳錢秘訣！,,"<p></p><p>📺 David 大衛 2.0 | <a href=""https://www.youtube.com/watch?v=njTQHTAzVsc"" target=""_blank"">觀看影片</a></p>",,香港每月開支$4萬？真實公開財務狀況，理財心得加慳錢秘訣，睇下自己使錢使咗喺邊。,,2026-09-03,https://img.youtube.com/vi/njTQHTAzVsc/hqdefault.jpg,published,hk
t129,【#蝸居睇樓團】納米樓變出收納空間 11 萬裝修個案,,"<p></p><p>📺 U Magazine | <a href=""https://www.youtube.com/watch?v=XbOgr_lrnXc"" target=""_blank"">觀看影片</a></p>",,11萬裝修個案：納米樓點變出收納空間？蝸居睇樓團逐格拆解，細單位都收得晒。,,2026-09-03,https://img.youtube.com/vi/XbOgr_lrnXc/hqdefault.jpg,published,hk
t130,【#執靚蝸居】5個新年收納小Tips,,"<p></p><p>📺 U Magazine | <a href=""https://www.youtube.com/watch?v=rdstdiRM8dI"" target=""_blank"">觀看影片</a></p>",,新年收納5個小貼士：趁大掃除一次過執好晒，屋企整整齊齊，新年迎客都企理。,,2026-09-03,https://img.youtube.com/vi/rdstdiRM8dI/hqdefault.jpg,published,hk
t131,【家居整理】根本不用大掃除！居家整潔的人每天會做的10件小事 #整理收納,,"<p></p><p>📺 Anton的極簡生活 | <a href=""https://www.youtube.com/watch?v=upoLCycCZQk"" target=""_blank"">觀看影片</a></p>",,唔使大掃除都保持整潔：居家整潔嘅人每日做嘅10件小事，照住做屋企長期企理。,,2026-09-04,https://img.youtube.com/vi/upoLCycCZQk/hqdefault.jpg,published,hk
t132,【一星期開支曝光！】零慳錢下 香港人生活日常會用幾多錢？ 香港物價有幾貴？|文迪mandic,,"<p></p><p>📺 文迪Mandic | <a href=""https://www.youtube.com/watch?v=VowNPeIBs3Y"" target=""_blank"">觀看影片</a></p>",,一星期開支曝光：零慳錢之下，香港人日常使幾多？香港物價有幾貴，一睇就知。,,2026-09-04,https://img.youtube.com/vi/VowNPeIBs3Y/hqdefault.jpg,published,hk
t133,獨居女孩慳家大計: 我的三個慳錢方法 ft. iPYGG | Santis Chan 陳映影,,"<p></p><p>📺 Santis Chan 陳映影 | <a href=""https://www.youtube.com/watch?v=bwHoAdcrHZI"" target=""_blank"">觀看影片</a></p>",,獨居女孩慳家大計：3個慳錢方法公開，一個人住點樣減開支，跟住做就慳到錢。,,2026-09-04,https://img.youtube.com/vi/bwHoAdcrHZI/hqdefault.jpg,published,hk
t134,《M21專題－儲錢、慳錢＝理財？》Ep.35 今時今日，有幾多香港人會儲錢？善用「拿鐵因子」真係可以增加收入？,,"<p></p><p>📺 M21媒體空間 | <a href=""https://www.youtube.com/watch?v=6ewDWThinlo"" target=""_blank"">觀看影片</a></p>",,儲錢慳錢等唔等於理財？香港人有幾多人會儲錢？善用「拿鐵因子」真係可以增加收入？,,2026-09-04,https://img.youtube.com/vi/6ewDWThinlo/hqdefault.jpg,published,hk
t135,【5000元小陽台大改造】百元裝飾佈置DIY/IKEA裝飾小物/逛大創/淘寶好物/觀葉植物/鹿鹿小姐21,,"<p></p><p>📺 鹿鹿小姐 | <a href=""https://www.youtube.com/watch?v=K4S_8vSeneI"" target=""_blank"">觀看影片</a></p>",,$5000改造小陽台：百元DIY佈置、IKEA小物加大創淘寶好物，加埋觀葉植物，陽台煥然一新。,,2026-09-04,https://img.youtube.com/vi/K4S_8vSeneI/hqdefault.jpg,published,hk
t136,多功能廚房收納神器,,"<p></p><p>📺 森活大平台 | <a href=""https://www.youtube.com/watch?v=IIFp57qBGKk"" target=""_blank"">觀看影片</a></p>",,多功能廚房收納神器：一件搞掂廚房多種收納，慳位又就手，煮嘢快啲順手，廚房即刻企理。,,2026-09-05,https://img.youtube.com/vi/IIFp57qBGKk/hqdefault.jpg,published,hk
t137,【💥拼多多開箱】｜實測 5 款收納神器！由 ¥6.5 到 ¥500+！廚房浴室客廳一次搞惦｜其中一物，開箱竟然見到...,,"<p></p><p>📺 YY看天下 | <a href=""https://www.youtube.com/watch?v=Xnvj0oX_5II"" target=""_blank"">觀看影片</a></p>",,拼多多開箱實測5款收納神器：¥6.5至¥500+，廚房浴室客廳一次搞掂，其中一件竟然有驚喜！,,2026-09-05,https://img.youtube.com/vi/Xnvj0oX_5II/hqdefault.jpg,published,hk
t138,Kitchen Tour👩‍🍳白色系廚房｜廚房收納｜好用廚具推薦 afterknot home #2,,"<p></p><p>📺 Afterknot | <a href=""https://www.youtube.com/watch?v=Pck3PBuj4WY"" target=""_blank"">觀看影片</a></p>",,白色廚房Tour：廚房收納加好用廚具推介，睇人哋點佈置，煮嘢區又靚又就手。,,2026-09-05,https://img.youtube.com/vi/Pck3PBuj4WY/hqdefault.jpg,published,hk
t139,【TOPick話你知】IKEA專家教蝸居收納竅門　巧法善用家中每寸空間,,"<p></p><p>📺 TOPick 新聞 | <a href=""https://www.youtube.com/watch?v=d-Ysm7Ic55M"" target=""_blank"">觀看影片</a></p>",,蝸居收納竅門：IKEA專家教善用屋企每寸空間，儲物方法逐個學，細單位收納唔再頭痕。,,2026-09-05,https://img.youtube.com/vi/d-Ysm7Ic55M/hqdefault.jpg,published,hk
t140,【#執靚蝸居】衣物收納 3 大神器實試,,"<p></p><p>📺 U Magazine | <a href=""https://www.youtube.com/watch?v=qiMOpSh_nXc"" target=""_blank"">觀看影片</a></p>",,衣物收納3大神器實試：邊款真係慳位好用？實測試之下見真章，執衫都快啲。,,2026-09-05,https://img.youtube.com/vi/qiMOpSh_nXc/hqdefault.jpg,published,hk
t141,長者衣食住行慳錢小貼士（莊太量）,,"<p></p><p>📺 經濟人生Prof Terence Chong, The Economist | <a href=""https://www.youtube.com/watch?v=1TaaPU1bJXg"" target=""_blank"">觀看影片</a></p>",,長者慳錢小貼士：衣食住行逐樣講，慳得之嚟又唔影響生活質素，一家人都用得著。,,2026-09-06,https://img.youtube.com/vi/1TaaPU1bJXg/hqdefault.jpg,published,hk
t142,為161呎蝸居掃收納好物　長沙灣道尋寶,,"<p></p><p>📺 果籽 | <a href=""https://www.youtube.com/watch?v=FnemTFybNSk"" target=""_blank"">觀看影片</a></p>",,161呎蝸居收納尋寶：長沙灣道掃收納好物，細單位點樣收得晒，平靚正之選。,,2026-09-06,https://img.youtube.com/vi/FnemTFybNSk/hqdefault.jpg,published,hk
t143,生活Vlog3 | 香港蝸居小改造 | 繁體CC字幕,,"<p></p><p>📺 Fat_Ding | <a href=""https://www.youtube.com/watch?v=nWuh9Bm0V1M"" target=""_blank"">觀看影片</a></p>",,香港蝸居小改造Vlog：細單位改造成點？生活日常慢慢睇，蝸居都可以住得舒服。,,2026-09-06,https://img.youtube.com/vi/nWuh9Bm0V1M/hqdefault.jpg,published,hk
t144,蝸居適用摺疊家具 5大創意產品推介,,"<p></p><p>📺 友和 YOHO | <a href=""https://www.youtube.com/watch?v=GRmsLhFXRCY"" target=""_blank"">觀看影片</a></p>",,蝸居啱用摺疊家具5大推介：慳位又實用，用完即摺，細單位活動空間即刻多咗。,,2026-09-06,https://img.youtube.com/vi/GRmsLhFXRCY/hqdefault.jpg,published,hk
t145,【#蝸居睇樓團】484呎居屋  11個慳位裝修貼士,,"<p></p><p>📺 U Magazine | <a href=""https://www.youtube.com/watch?v=o33gR2mqLHE"" target=""_blank"">觀看影片</a></p>",,484呎居屋裝修：11個慳位貼士逐個拆解，邊個位可偷空間又唔蝕用，裝修前睇啱晒。,,2026-09-06,https://img.youtube.com/vi/o33gR2mqLHE/hqdefault.jpg,published,hk
t146,[蔡瀾]  黃昏歲月：3種最愚蠢嘅慳錢習慣一定要揼落垃圾桶！如果唔係，隨時一身病痛仲要拖累仔女。,,"<p></p><p>📺 粵語解玄機 | <a href=""https://www.youtube.com/watch?v=IQmlQmMqzjM"" target=""_blank"">觀看影片</a></p>",,蔡瀾點名3種最愚蠢慳錢習慣：慳錯隨時一身病痛仲拖累仔女，呢啲習慣一定要戒。,,2026-09-07,https://img.youtube.com/vi/IQmlQmMqzjM/hqdefault.jpg,published,hk
t147,【#蝸居睇樓團】330呎新型公屋  7個偷位收納空間裝修貼士,,"<p></p><p>📺 U Magazine | <a href=""https://www.youtube.com/watch?v=DOnm7o0fLl8"" target=""_blank"">觀看影片</a></p>",,330呎新型公屋：7個偷位收納裝修貼士，細單位點樣偷多啲位，跟住做就係。,,2026-09-07,https://img.youtube.com/vi/DOnm7o0fLl8/hqdefault.jpg,published,hk
t148,香港蝸居裝修設計🏡5件租屋好物推介😍編輯實試：IKEA家居規劃服務，到底好不好？！由零到有，高質的家Home Tour😆✨,,"<p></p><p>📺 Cosmopolitan HK | <a href=""https://www.youtube.com/watch?v=GSqmDIrhIhw"" target=""_blank"">觀看影片</a></p>",,租屋好物5件推介：編輯實試IKEA家居規劃服務，由零到有打造高質蝸居，值唔值一睇就知。,,2026-09-07,https://img.youtube.com/vi/GSqmDIrhIhw/hqdefault.jpg,published,hk
t149,【#蝸居睇樓團】20萬裝修個案！263呎茶室Feel日系家居  點樣隱藏收納空間？,,"<p></p><p>📺 U Magazine | <a href=""https://www.youtube.com/watch?v=BWMUZ2rg--w"" target=""_blank"">觀看影片</a></p>",,20萬裝修263呎茶室Feel日系家居：隱藏收納點樣做？蝸居睇樓團逐格睇，細單位變有品味。,,2026-09-07,https://img.youtube.com/vi/BWMUZ2rg--w/hqdefault.jpg,published,hk
t150,【萬能清潔王 梳打粉 (衣物篇) - 幫衣服洗白白】,,"<p></p><p>📺 Arm & Hammer HK | <a href=""https://www.youtube.com/watch?v=hdWriAtf7Eg"" target=""_blank"">觀看影片</a></p>",,梳打粉洗衫：衣物篇教用梳打粉幫衫洗白白，平嘢大用途，慳洗衣費衫又乾淨晒。,,2026-09-07,https://img.youtube.com/vi/hdWriAtf7Eg/hqdefault.jpg,published,hk
t151,換季衣物大遷移　雜物諮詢師傳授家居收納大法,,"<p></p><p>📺 TOPick 新聞 | <a href=""https://www.youtube.com/watch?v=CvzHU7S9LfQ"" target=""_blank"">觀看影片</a></p>",,換季衣物收納大法：雜物諮詢師教你點執衫，執得企理唔漏嘢，下季拎出嚟即刻用得。,,2026-09-08,https://img.youtube.com/vi/CvzHU7S9LfQ/hqdefault.jpg,published,hk
t152,家居收納斷捨離 EP17,,"<p></p><p>📺 Au Fai | <a href=""https://www.youtube.com/watch?v=5tg3ZQ_duao"" target=""_blank"">觀看影片</a></p>",,家居收納斷捨離EP17：乜嘢可以掉、乜嘢留返？執屋執得輕鬆，屋企空間返晒嚟。,,2026-09-08,https://img.youtube.com/vi/5tg3ZQ_duao/hqdefault.jpg,published,hk
t153,【Kira Vlog】我要做個收納師ep.39| 《素人家居改造系列》 香港350呎侘寂風溫馨打卡之家大改造🏠煮婦小天地🍳￼解決收納問題儲存大量煮食用具😍 ￼宴客必備餐枱打卡位✨,,"<p></p><p>📺 KIRA CHAN 陳葦璇 | <a href=""https://www.youtube.com/watch?v=eTYAywymctk"" target=""_blank"">觀看影片</a></p>",,350呎侘寂風蝸居改造：收納師幫煮婦解決大量煮具儲存問題，宴客餐枱仲有打卡位，蝸居變溫馨之家。,,2026-09-08,https://img.youtube.com/vi/eTYAywymctk/hqdefault.jpg,published,hk
t154,【Kira Vlog】我要做個收納師ep.11｜《素人家居改造系列》把20年的居屋單位改頭換面！😍￼女戶主大病過後決定￼斷捨離💪🏻充滿假日感既外國風￼小蝸居☀️￼,,"<p></p><p>📺 KIRA CHAN 陳葦璇 | <a href=""https://www.youtube.com/watch?v=SIezXYDAcGM"" target=""_blank"">觀看影片</a></p>",,20年居屋大變身：女戶主大病後決定斷捨離，收納師改造出假日感外國風蝸居，執走舊嘢換新氣象。,,2026-09-08,https://img.youtube.com/vi/SIezXYDAcGM/hqdefault.jpg,published,hk
t155,洗衣機用久了不清洗髒如馬桶，教你一招，不拆不卸，簡單幾步變得潔淨如新 ， HOW TO CLEAN YOUR WASHING MACHINE !! (QUICK & EASY) ， 洗衣机,,"<p></p><p>📺 美食彩味 VS 明玥美食 Magic Food | <a href=""https://www.youtube.com/watch?v=L_RCxk-f52U"" target=""_blank"">觀看影片</a></p>",,洗衣機清潔一招：唔使拆唔使卸，簡單幾步洗乾淨；耐無清污糟如馬桶，跟住做即刻得。,,2026-09-08,https://img.youtube.com/vi/L_RCxk-f52U/hqdefault.jpg,published,hk
t156,情侶花20萬DIY改造租屋處！家具佈置品幾乎都來自…🦐❓小資情侶的租屋開箱｜House Tour｜Lo-Fi Tour ep8. 貴如＆漢庭,,"<p></p><p>📺 Lo-Fi House | <a href=""https://www.youtube.com/watch?v=RLslkjMsINw"" target=""_blank"">觀看影片</a></p>",,小資情侶租屋開箱：花20萬DIY改造租屋處，傢俬佈置幾乎全部出自…？Lo-Fi Tour揭曉。,,2026-09-09,https://img.youtube.com/vi/RLslkjMsINw/hqdefault.jpg,published,hk
t157,My Closet Storage Tour。蝸居衣櫃收納小分享（衣櫥的儲物收納整理 Bedroom Wardrobe Storage Tour Vol.1）,,"<p></p><p>📺 Purple Chiu 小餅生活 | <a href=""https://www.youtube.com/watch?v=4QIuL-TtlRw"" target=""_blank"">觀看影片</a></p>",,蝸居衣櫃收納Tour：衣櫥點樣執先慳位？收納整理逐步睇，衫易搵易放，朝早出門都快啲。,,2026-09-09,https://img.youtube.com/vi/4QIuL-TtlRw/hqdefault.jpg,published,hk
t158,洗衣槽去汙劑 以前都用錯了！原來是要這樣用！ [歐塊] [OMG CRAFTS],,"<p></p><p>📺 歐塊 - OMG CRAFTS | <a href=""https://www.youtube.com/watch?v=4dpKavvYPSo"" target=""_blank"">觀看影片</a></p>",,洗衣槽去污劑：以前都用錯？原來要咁先用得啱，方法啱先有效，洗衣機先真正乾淨。,,2026-09-09,https://img.youtube.com/vi/4dpKavvYPSo/hqdefault.jpg,published,hk
t159,【使用教學】25秒懂！洗衣槽清洗劑使用方法！,,"<p></p><p>📺 熊熊創意生活館 | <a href=""https://www.youtube.com/watch?v=CrvMkFcmdwU"" target=""_blank"">觀看影片</a></p>",,25秒睇識洗衣槽清洗劑用法：步驟教學一目了然，定期照住用，洗衣機入面乾淨晒。,,2026-09-09,https://img.youtube.com/vi/CrvMkFcmdwU/hqdefault.jpg,published,hk
t160,一人食午餐小分享，锅煮藜麦饭小技巧get！鳗鱼饭,,"<p></p><p>📺 蕃茄在香港 | <a href=""https://www.youtube.com/watch?v=qIeaTYsT76A"" target=""_blank"">觀看影片</a></p>",,一人食午餐：鍋煮藜麥飯小技巧，簡單幾步煮好飯，配鰻魚飯，一個人食都滿足。,,2026-09-09,https://img.youtube.com/vi/qIeaTYsT76A/hqdefault.jpg,published,hk
t161,17萬裝修164呎蝸居放5吋床褥唔頂頭偷盡收納位 90後「閣樓專家」棄做ibanker做納米樓救星！#專題－果籽 香港 Apple Daily—原刊日期：20201120,,"<p></p><p>📺 果籽 | <a href=""https://www.youtube.com/watch?v=gcihiSWQVE4"" target=""_blank"">觀看影片</a></p>",,17萬裝修164呎蝸居：5吋床褥唔頂頭加偷盡收納位，90後「閣樓專家」教納米樓用盡每吋。,,2026-09-10,https://img.youtube.com/vi/gcihiSWQVE4/hqdefault.jpg,published,hk
t162,達人教不鏽鋼煲煮飯,,"<p></p><p>📺 香港經濟日報 HKET | <a href=""https://www.youtube.com/watch?v=ziAdfz8f4YQ"" target=""_blank"">觀看影片</a></p>",,達人教不鏽鋼煲煮飯：先煲後焗，21分鐘搞掂，慳電又唔黐底，飯粒粒分明好食。,,2026-09-10,https://img.youtube.com/vi/ziAdfz8f4YQ/hqdefault.jpg,published,hk
t163,你永遠懶得自己煮？這些備料法學起來，十分鐘60元煮一餐！｜dinner lin,,"<p></p><p>📺 Dinner Lin | <a href=""https://www.youtube.com/watch?v=gFN7-ZSgjzo"" target=""_blank"">觀看影片</a></p>",,備料法學起：預先備好晒料，10分鐘$60煮到一餐，唔使懶得自己煮，慳時間又慳錢。,,2026-09-10,https://img.youtube.com/vi/gFN7-ZSgjzo/hqdefault.jpg,published,hk
t164,同進生活小智慧：癌症冷知識,,"<p></p><p>📺 HKJC | <a href=""https://www.youtube.com/watch?v=bkmGhWC1PRg"" target=""_blank"">觀看影片</a></p>",,生活小智慧：今集講癌症嘅冷知識，鮮為人知嘅資訊逐個講，認識多啲就冇咁慌。,,2026-09-10,https://img.youtube.com/vi/bkmGhWC1PRg/hqdefault.jpg,published,hk
t165,仨個臭皮匠｜知識!!!『生活小百科．你又知幾多』香港生活冷知識🇭🇰,,"<p></p><p>📺 仨個臭皮匠3TOOGEs | <a href=""https://www.youtube.com/watch?v=064F5InvVMk"" target=""_blank"">觀看影片</a></p>",,香港生活冷知識：你又知幾多？生活小百科逐題考你，睇完先知自己唔少竅門未識。,,2026-09-10,https://img.youtube.com/vi/064F5InvVMk/hqdefault.jpg,published,hk
t166,斷捨離︱規劃生活由執屋做起 收納師開公司幫助弱勢社群：我有親身感受，明白佢哋嘅需要。︱壹壹道來 (#壹壹道來 #創業故事 #整理收納 #斷捨離 #娛壹),,"<p></p><p>📺 娛壹 As One | <a href=""https://www.youtube.com/watch?v=LV5EMN00pHE"" target=""_blank"">觀看影片</a></p>",,執屋=規劃生活：收納師親身經歷後開公司幫弱勢社群，創業故事逐個講，執屋改變人生。,,2026-09-11,https://img.youtube.com/vi/LV5EMN00pHE/hqdefault.jpg,published,hk
t167,1.5坪小房間極限改造！14件IKEA好物打造完美收納功能，變身藍色舒適臥房｜Lo-Projects #75,,"<p></p><p>📺 Lo-Fi House | <a href=""https://www.youtube.com/watch?v=9p3CAbOplB0"" target=""_blank"">觀看影片</a></p>",,1.5坪小房間極限改造：14件IKEA好物做足收納，變身藍色舒適臥房，細房大翻身。,,2026-09-11,https://img.youtube.com/vi/9p3CAbOplB0/hqdefault.jpg,published,hk
t168,煮吧!煮飯仔 迷你烹飪 -肉碎炆粉絲,,"<p></p><p>📺 Hong Kong Times Square | <a href=""https://www.youtube.com/watch?v=D-b4vpssSsI"" target=""_blank"">觀看影片</a></p>",,迷你烹飪教室：肉碎炆粉絲點煮先香？跟煮飯仔慢慢學，簡簡單單一餐搞掂晒。,,2026-09-11,https://img.youtube.com/vi/D-b4vpssSsI/hqdefault.jpg,published,hk
t169,【家居知識】環保慳電小習慣｜居家常識｜生活小智慧｜家居產品｜,,"<p></p><p>📺 裝修電視 DECO-TV | <a href=""https://www.youtube.com/watch?v=FfEqJWwLNkA"" target=""_blank"">觀看影片</a></p>",,環保慳電小習慣：居家常見用電位逐個慳，慳電又慳錢，生活小智慧即刻用得。,,2026-09-11,https://img.youtube.com/vi/FfEqJWwLNkA/hqdefault.jpg,published,hk
t170,开箱RM1500的货物 买了一堆不三不四的东西 【淘宝开箱】纯粹分享,,"<p></p><p>📺 Jasmine香米 | <a href=""https://www.youtube.com/watch?v=_DT-aYVYD8Q"" target=""_blank"">觀看影片</a></p>",,淘寶開箱RM1500貨物：買咗一堆唔三唔四嘅嘢，純粹分享實測，有咩抵有咩伏一目了然。,,2026-09-11,https://img.youtube.com/vi/_DT-aYVYD8Q/hqdefault.jpg,published,hk
t171,花三萬元整理房間‼療癒過程大公開！,,"<p></p><p>📺 1417moving-移室宜居 | <a href=""https://www.youtube.com/watch?v=NIEP8QkWMXM"" target=""_blank"">觀看影片</a></p>",,,,2026-09-12,https://img.youtube.com/vi/NIEP8QkWMXM/hqdefault.jpg,published,hk
t172,【一坪裝修】1.3坪小玄關也能有儲藏室？60雙鞋子大容量無痛收納~還有茶水吧｜100室內設計,,"<p></p><p>📺 100室內設計 | <a href=""https://www.youtube.com/watch?v=hvSj42oSY3Y"" target=""_blank"">觀看影片</a></p>",,,,2026-09-12,https://img.youtube.com/vi/hvSj42oSY3Y/hqdefault.jpg,published,hk
t173,公開超強抽屜櫃🌟🌟🌟打造完美的收納空間，抽屜分隔由您決定！史上最強的五斗櫃❤️天鋼上手收納櫃❤️讓您收納更上手！,,"<p></p><p>📺 天鋼 Tanko | <a href=""https://www.youtube.com/watch?v=VproX77qj94"" target=""_blank"">觀看影片</a></p>",,,,2026-09-12,https://img.youtube.com/vi/VproX77qj94/hqdefault.jpg,published,hk
t174,【細空間冇收納，分享高箱床設計，收納舒適我全都要】香港公屋定製傢具 訂造傢具 香港公屋定製傢具 香港簡約傢具 兒童傢具 香港高箱床 香港公屋傢具 家私傢具全屋 香港衣柜 書台香港,,"<p></p><p>📺 Austeme | Interior and Furniture Design Customized | <a href=""https://www.youtube.com/watch?v=GhFdntnONZo"" target=""_blank"">觀看影片</a></p>",,,,2026-09-12,https://img.youtube.com/vi/GhFdntnONZo/hqdefault.jpg,published,hk
t175,收納美好變化 Storage Makes Changes Wonderful｜IKEA Hong Kong,,"<p></p><p>📺 IKEAHongKong | <a href=""https://www.youtube.com/watch?v=RIC1ao1Izvw"" target=""_blank"">觀看影片</a></p>",,,,2026-09-12,https://img.youtube.com/vi/RIC1ao1Izvw/hqdefault.jpg,published,hk
t176,【Kira Vlog】我要做個收納師ep.76| 《素人家居改造系列》香港425呎新婚夫婦窩居大改造✨買樓慳錢DIY💪🏻￼櫥櫃貼紙打造奶油系廚房🐱遇上個人物品最少的夫婦😆‼️少女感滿滿工作空間🩷💻,,"<p></p><p>📺 KIRA CHAN 陳葦璇 | <a href=""https://www.youtube.com/watch?v=UalZWxpXuSc"" target=""_blank"">觀看影片</a></p>",,,,2026-09-13,https://img.youtube.com/vi/UalZWxpXuSc/hqdefault.jpg,published,hk
t177,25個清潔技巧，讓家煥然一新。日常生活中有用的家庭小技巧,,"<p></p><p>📺 妙計 | <a href=""https://www.youtube.com/watch?v=tGGuPlI7Ylw"" target=""_blank"">觀看影片</a></p>",,,,2026-09-13,https://img.youtube.com/vi/tGGuPlI7Ylw/hqdefault.jpg,published,hk
t178,"慳錢省錢方法!格價! 最抵！香港最平生活百貨, 紅磡家興超市超十大抵買產品:星加坡制造沙嗲雜錦豆 8.9元！150g!零食2元起、罐頭，麵條 4元起！用心制作! 請支持分享！👍 訂閲多謝🤗運動跑步音樂",,"<p></p><p>📺 Littlewindsurfing 小飛 | <a href=""https://www.youtube.com/watch?v=wbwfu7gcSbU"" target=""_blank"">觀看影片</a></p>",,,,2026-09-13,https://img.youtube.com/vi/wbwfu7gcSbU/hqdefault.jpg,published,hk
t179,慳電慳錢小貼士幫你慳2百幾磅!,,"<p></p><p>📺 GocoSmartHome | <a href=""https://www.youtube.com/watch?v=xGycRHVheuU"" target=""_blank"">觀看影片</a></p>",,,,2026-09-13,https://img.youtube.com/vi/xGycRHVheuU/hqdefault.jpg,published,hk
t180,【婚房開箱💓】10萬爆改470尺💸 兩房一廳+超強收納🔥 我與未婚夫的家😳 情侶小蝸居🏡,,"<p></p><p>📺 Mechan 陳逸敏 | <a href=""https://www.youtube.com/watch?v=QWaE8_GdSZA"" target=""_blank"">觀看影片</a></p>",,,,2026-09-13,https://img.youtube.com/vi/QWaE8_GdSZA/hqdefault.jpg,published,hk
t181,【家居知識】瓷磚點揀好 (上)｜居家常識｜生活小智慧｜家居產品｜,,"<p></p><p>📺 裝修電視 DECO-TV | <a href=""https://www.youtube.com/watch?v=mL8NEAPh5uk"" target=""_blank"">觀看影片</a></p>",,,,2026-09-14,https://img.youtube.com/vi/mL8NEAPh5uk/hqdefault.jpg,published,hk
t182,【淘寶開箱／回購】38節🧡香港淘寶人氣主播必買推薦,,"<p></p><p>📺 三川.自媒體工作室 | <a href=""https://www.youtube.com/watch?v=dPr_3R1V-Cg"" target=""_blank"">觀看影片</a></p>",,,,2026-09-14,https://img.youtube.com/vi/dPr_3R1V-Cg/hqdefault.jpg,published,hk
t183,【淘寶開箱】15件家品＋日用品👊可摺旅行水壺♨️神奇去漬萬用膏💡¥17陶瓷貓碗🐱三合一充電好物🔌淘寶38節｜淘寶必買好物｜淘寶開箱香港｜淘寶開箱2023｜淘寶神器｜Taobao Unboxing,,"<p></p><p>📺 草根貓 Grassroots Cat | <a href=""https://www.youtube.com/watch?v=0043t_j_yvw"" target=""_blank"">觀看影片</a></p>",,,,2026-09-14,https://img.youtube.com/vi/0043t_j_yvw/hqdefault.jpg,published,hk
t184,專業家居收納入門課程：斷捨離的意義、收納方法及步驟 | Ep.1 | Be A Professional Home Organizer | ELLE HK,,"<p></p><p>📺 ELLE Hong Kong | <a href=""https://www.youtube.com/watch?v=9pH1b8Vh8cY"" target=""_blank"">觀看影片</a></p>",,,,2026-09-14,https://img.youtube.com/vi/9pH1b8Vh8cY/hqdefault.jpg,published,hk
t185,【Home Tour!!🏠】香港480呎2房1廳｜再也不住舊樓了?!｜衣櫃實用收納技巧｜傢俬挑選｜Coey ahhhh,,"<p></p><p>📺 Coey ahhhh | <a href=""https://www.youtube.com/watch?v=BxLTm0mBio8"" target=""_blank"">觀看影片</a></p>",,,,2026-09-14,https://img.youtube.com/vi/BxLTm0mBio8/hqdefault.jpg,published,hk
t186,【順手感清潔打掃✨】9個保持居家整潔的微習慣、無負擔且簡單打掃Tips、不私藏愛用清潔好物推薦、分級式打掃邏輯｜Colly簡約生活,,"<p></p><p>📺 Colly簡約生活 | <a href=""https://www.youtube.com/watch?v=qEDdgzu20X8"" target=""_blank"">觀看影片</a></p>",,,,2026-09-15,https://img.youtube.com/vi/qEDdgzu20X8/hqdefault.jpg,published,hk
t187,大學生獨有嘅慳錢方法？四年原來做到好多野【和你學理財#5】,,"<p></p><p>📺 723的加班日常 | <a href=""https://www.youtube.com/watch?v=Oj1OeuN4u64"" target=""_blank"">觀看影片</a></p>",,,,2026-09-15,https://img.youtube.com/vi/Oj1OeuN4u64/hqdefault.jpg,published,hk
t188,淘寶開箱 第五集｜大師畫作的秘訣？用獵槍打夏常在？滿滿垃圾話的一集！,,"<p></p><p>📺 泰辣Tyla | <a href=""https://www.youtube.com/watch?v=BmnqOsBIpoI"" target=""_blank"">觀看影片</a></p>",,,,2026-09-15,https://img.youtube.com/vi/BmnqOsBIpoI/hqdefault.jpg,published,hk
t189,【淘寶開箱】家品📦食物📦貓物📦實用貼地推薦👏全部示範❗️ 生活好物分享💯即開即用👏Taobao Haul⭕️,,"<p></p><p>📺 草根貓 Grassroots Cat | <a href=""https://www.youtube.com/watch?v=onlqfXqzr0E"" target=""_blank"">觀看影片</a></p>",,,,2026-09-15,https://img.youtube.com/vi/onlqfXqzr0E/hqdefault.jpg,published,hk
t190,【SUNTEK 外傭教室】WEEK 2 家居清潔：EP09 清潔浴室、洗手間篇,,"<p></p><p>📺 Suntek Enterprise & 星泰僱傭代理 | <a href=""https://www.youtube.com/watch?v=ZMzWZfWJ99E"" target=""_blank"">觀看影片</a></p>",,,,2026-09-15,https://img.youtube.com/vi/ZMzWZfWJ99E/hqdefault.jpg,published,hk
t191,【廚房愛用收納好物】長期主義廚房收納好物使用多年還是很愛/宜得利mu ji宜家大創必買收納好物/廚房收納清潔,,"<p></p><p>📺 Lanlan Channel | <a href=""https://www.youtube.com/watch?v=7cmxJJNPr7s"" target=""_blank"">觀看影片</a></p>",,,,2026-09-16,https://img.youtube.com/vi/7cmxJJNPr7s/hqdefault.jpg,published,hk
t192,【Home Tour🏠】🇭🇰香港505呎兩房一廳｜淺色系裝修｜👗衣櫃這樣設計超好放!!｜訂製傢俬 實用收納｜家居好物挑選｜Coey ahhhh,,"<p></p><p>📺 Coey ahhhh | <a href=""https://www.youtube.com/watch?v=u8FffJj5klw"" target=""_blank"">觀看影片</a></p>",,,,2026-09-16,https://img.youtube.com/vi/u8FffJj5klw/hqdefault.jpg,published,hk
t193,【淘寶開箱】10kg海運送到！生活雜貨/文具/小玩意/雙十一預熱,,"<p></p><p>📺 Utatv | <a href=""https://www.youtube.com/watch?v=yg9ieAsd3Gg"" target=""_blank"">觀看影片</a></p>",,,,2026-09-16,https://img.youtube.com/vi/yg9ieAsd3Gg/hqdefault.jpg,published,hk
t194,【淘寶開箱】燈¥48💡實測２間香港師傅安裝收費＋服務🔨淘寶傢俬安裝有門路了｜裝修｜HelloToby 平台｜4PX｜Taobao Unboxing｜Taobao Haul,,"<p></p><p>📺 草根貓 Grassroots Cat | <a href=""https://www.youtube.com/watch?v=pa6QFDZldUE"" target=""_blank"">觀看影片</a></p>",,,,2026-09-16,https://img.youtube.com/vi/pa6QFDZldUE/hqdefault.jpg,published,hk
t195,[測試清潔用品] AEON LIVING PLAZA 12蚊店 / 省靚鋅盤 / 清潔家品/ 廚房鋅盤/ 大掃除/ 簡易清潔,,"<p></p><p>📺 小資女的家務日記 | <a href=""https://www.youtube.com/watch?v=7pfT3tk7faM"" target=""_blank"">觀看影片</a></p>",,,,2026-09-16,https://img.youtube.com/vi/7pfT3tk7faM/hqdefault.jpg,published,hk
t196,【淘寶開箱￼】EmEm同你一齊淘寶開箱 ～ 第一集｜好物分享｜送禮自用｜香港￼人在上海｜2022年6月9日拍攝,,"<p></p><p>📺 Em & Shiba JimJim | <a href=""https://www.youtube.com/watch?v=qYldaRgABRo"" target=""_blank"">觀看影片</a></p>",,,,2026-09-17,https://img.youtube.com/vi/qYldaRgABRo/hqdefault.jpg,published,hk
t197,淘寶開箱｜香港淘寶開箱｜法鬥好物｜杯｜機殼｜Tee｜襪｜飯袋｜派寶集運,,"<p></p><p>📺 小雨點 SiuRainDim | <a href=""https://www.youtube.com/watch?v=SWfQHWqTb1E"" target=""_blank"">觀看影片</a></p>",,,,2026-09-17,https://img.youtube.com/vi/SWfQHWqTb1E/hqdefault.jpg,published,hk
t198,【細細粒易擺‧多元化收納】慳位傢俬HUTTO系列 | 電視櫃 | 儲物櫃 | at.home,,"<p></p><p>📺 at home furniture傢俬店 | <a href=""https://www.youtube.com/watch?v=xnLCPYn1tCw"" target=""_blank"">觀看影片</a></p>",,,,2026-09-17,https://img.youtube.com/vi/xnLCPYn1tCw/hqdefault.jpg,published,hk
t199,【家居專題】「逼」出來的智慧 慳位13則,,"<p></p><p>📺 香港經濟日報 HKET | <a href=""https://www.youtube.com/watch?v=nmN2E3huTFk"" target=""_blank"">觀看影片</a></p>",,,,2026-09-17,https://img.youtube.com/vi/nmN2E3huTFk/hqdefault.jpg,published,hk
t200,【澄境居家】180cm多功能廚房收納櫃-BO037,,"<p></p><p>📺 澄境居家 | <a href=""https://www.youtube.com/watch?v=ifx0lDKLRAE"" target=""_blank"">觀看影片</a></p>",,,,2026-09-17,https://img.youtube.com/vi/ifx0lDKLRAE/hqdefault.jpg,published,hk
t201,【香港人在中山 出租屋收納】中山首個收納師Sherry分享 第二集出租屋收納分享｜實拍收納小技巧 房屋收納知多D學多D｜分析收納思路 線上收納需求溝通｜香港人在中山 香港人在肇慶 內地生活,,"<p></p><p>📺 容易置業丨容易工作室 | <a href=""https://www.youtube.com/watch?v=ct3Sa-_3EVs"" target=""_blank"">觀看影片</a></p>",,,,2026-09-18,https://img.youtube.com/vi/ct3Sa-_3EVs/hqdefault.jpg,published,hk
t202,過年大掃除懶人包！超神奇的居家清潔6法寶～【做吧！噪咖】手作DIY 6 Cleaning Hacks for Chinese New Year,,"<p></p><p>📺 造咖 | <a href=""https://www.youtube.com/watch?v=Al6NO2LJGmk"" target=""_blank"">觀看影片</a></p>",,,,2026-09-18,https://img.youtube.com/vi/Al6NO2LJGmk/hqdefault.jpg,published,hk
t203,【JUST 傾 #2】點樣慳錢先至啱｜邊種電器唔用都食電｜慳錢大法分享｜主持：JK 陳立展 & Car Ha,,"<p></p><p>📺 JK爸爸的投資頻道 | <a href=""https://www.youtube.com/watch?v=iy3JHpiooRg"" target=""_blank"">觀看影片</a></p>",,,,2026-09-18,https://img.youtube.com/vi/iy3JHpiooRg/hqdefault.jpg,published,hk
t204,【Kira Vlog】我要做個收納師ep.42| 《素人家居改造系列》 年輕媽媽400尺韓系蝸居大改造🪴裝修師傅自己改左個設計😱韓系家具配色小技巧✨￼有限budget 完成一家四口的新居軟裝🛋️,,"<p></p><p>📺 KIRA CHAN 陳葦璇 | <a href=""https://www.youtube.com/watch?v=MlxWWaFFjB8"" target=""_blank"">觀看影片</a></p>",,,,2026-09-18,https://img.youtube.com/vi/MlxWWaFFjB8/hqdefault.jpg,published,hk
t205,洗衣槽不清＝越洗越臭，過年前用毛寶洗衣槽去污劑清潔，衣服才洗得乾淨又清新。,,"<p></p><p>📺 毛寶 | <a href=""https://www.youtube.com/watch?v=wotJDLIW7BE"" target=""_blank"">觀看影片</a></p>",,,,2026-09-18,https://img.youtube.com/vi/wotJDLIW7BE/hqdefault.jpg,published,hk
t206,【收工煮到飯Tips🌟】花在煮飯的時間太多嗎⏰？快速備餐絕對需要「預製薑蔥蒜」！改變幾個微習慣，大大加快出菜速度💨💨👍🏻！,,"<p></p><p>📺 MEALPREPERA | michelle | <a href=""https://www.youtube.com/watch?v=0IyM-oxMSak"" target=""_blank"">觀看影片</a></p>",,,,2026-09-19,https://img.youtube.com/vi/0IyM-oxMSak/hqdefault.jpg,published,hk
t207,【家居知識】裝修做間牆續集｜居家常識｜生活小智慧｜家居產品｜,,"<p></p><p>📺 裝修電視 DECO-TV | <a href=""https://www.youtube.com/watch?v=vkSJL8fPzW4"" target=""_blank"">觀看影片</a></p>",,,,2026-09-19,https://img.youtube.com/vi/vkSJL8fPzW4/hqdefault.jpg,published,hk
t208,【淘寶開箱】家品🛒食物👅貓物😸 即拆即用👊🏻拆淘寶袋技巧大公開⭕️以後拆集運袋唔會成地碎😆,,"<p></p><p>📺 草根貓 Grassroots Cat | <a href=""https://www.youtube.com/watch?v=eZXkwEtWsSc"" target=""_blank"">觀看影片</a></p>",,,,2026-09-19,https://img.youtube.com/vi/eZXkwEtWsSc/hqdefault.jpg,published,hk
t209,【淘寶開箱】17件👊我首次做代購🙇🏻‍♀️海外華人買什麼？😱一片學懂如何香港郵政寄外國/內地🌎郵件清關易｜香港寄英國｜報關教學｜關稅增值稅VAT｜重量限制｜郵局｜寄包裹｜淘寶寄海外｜集運教學｜淘寶好物,,"<p></p><p>📺 草根貓 Grassroots Cat | <a href=""https://www.youtube.com/watch?v=tYmTxqW_MyE"" target=""_blank"">觀看影片</a></p>",,,,2026-09-19,https://img.youtube.com/vi/tYmTxqW_MyE/hqdefault.jpg,published,hk
t210,SEE × 林超英 《慳電你要知》| 第一集 家居三大食電獸,,"<p></p><p>📺 Asian Energy Studies Centre | <a href=""https://www.youtube.com/watch?v=bKwRl1mj0Hk"" target=""_blank"">觀看影片</a></p>",,,,2026-09-19,https://img.youtube.com/vi/bKwRl1mj0Hk/hqdefault.jpg,published,hk
t211,屋企做咗咁多櫃都唔夠放？實測8款超實用收納五金｜鞋櫃、廚櫃、轉角位一次睇晒,,"<p></p><p>📺 馬其工作室 | <a href=""https://www.youtube.com/watch?v=OdQg7NnAT5o"" target=""_blank"">觀看影片</a></p>",,,,2026-09-20,https://img.youtube.com/vi/OdQg7NnAT5o/hqdefault.jpg,published,hk
t212,家居收納妙招，知幾招？,,"<p></p><p>📺 angliis | <a href=""https://www.youtube.com/watch?v=eg2Jq30Au60"" target=""_blank"">觀看影片</a></p>",,,,2026-09-20,https://img.youtube.com/vi/eg2Jq30Au60/hqdefault.jpg,published,hk
t213,洗衣機2個月不洗比馬桶還髒，倒一碗進去，立馬潔淨如新，真實用【百變小廚坊】#洗衣機,,"<p></p><p>📺 百變小廚坊 VS 龍兒美食 Magic Kitchen | <a href=""https://www.youtube.com/watch?v=-vA606jL2Og"" target=""_blank"">觀看影片</a></p>",,,,2026-09-20,https://img.youtube.com/vi/-vA606jL2Og/hqdefault.jpg,published,hk
t214,煮飯記住「3:4」黃金比例！下鍋前多做一步，米飯粒粒分明又Q彈#煮飯技巧 #米飯秘訣 #廚房妙招 #生活技巧 #料理知識,,"<p></p><p>📺 工厂里的美食 | <a href=""https://www.youtube.com/watch?v=XnMiNQADPIU"" target=""_blank"">觀看影片</a></p>",,,,2026-09-20,https://img.youtube.com/vi/XnMiNQADPIU/hqdefault.jpg,published,hk
t215,【家居知識】 瓷磚點揀好 (下) ｜居家常識｜生活小智慧｜家居產品｜,,"<p></p><p>📺 裝修電視 DECO-TV | <a href=""https://www.youtube.com/watch?v=giXEqClP2dc"" target=""_blank"">觀看影片</a></p>",,,,2026-09-20,https://img.youtube.com/vi/giXEqClP2dc/hqdefault.jpg,published,hk
t216,沒時間整理？真正高效的清理法則：每天5分鐘 家裡立刻變清爽 |#斷捨離#極簡#簡單生活#收納整理,,"<p></p><p>📺 簡單生活 簡單匠 | <a href=""https://www.youtube.com/watch?v=SmypLky11yw"" target=""_blank"">觀看影片</a></p>",,,,2026-09-21,https://img.youtube.com/vi/SmypLky11yw/hqdefault.jpg,published,hk
t217,最慳錢的健康調理法,,"<p></p><p>📺 Annie's Healthcare | <a href=""https://www.youtube.com/watch?v=dUKxI_of2aU"" target=""_blank"">觀看影片</a></p>",,,,2026-09-21,https://img.youtube.com/vi/dUKxI_of2aU/hqdefault.jpg,published,hk
t218,香港百呎蝸居(一)｜裝潢&家電&家俬🏠八千內完成?!,,"<p></p><p>📺 lifelovercindytsang | <a href=""https://www.youtube.com/watch?v=7lSyp4UdqKU"" target=""_blank"">觀看影片</a></p>",,,,2026-09-21,https://img.youtube.com/vi/7lSyp4UdqKU/hqdefault.jpg,published,hk
t219,淘寶開箱：👩💥媽媽看到會尖叫！三款「家務神器」你家有了嗎？(中文字幕),,"<p></p><p>📺 笑波子 | <a href=""https://www.youtube.com/watch?v=5Oh1A6dn7vs"" target=""_blank"">觀看影片</a></p>",,,,2026-09-21,https://img.youtube.com/vi/5Oh1A6dn7vs/hqdefault.jpg,published,hk
t220,【淘寶開箱】18件汽車用品+家品🏠｜小米吸塵機｜大容量收納箱｜手機架｜水箱｜露營好物｜車中泊｜淘寶開箱香港2022｜好物推薦｜Taobao Haul & Unboxing,,"<p></p><p>📺 草根貓 Grassroots Cat | <a href=""https://www.youtube.com/watch?v=mXkAmTwkCTk"" target=""_blank"">觀看影片</a></p>",,,,2026-09-21,https://img.youtube.com/vi/mXkAmTwkCTk/hqdefault.jpg,published,hk
t221,【Kira Vlog】新屋分享- 收納篇🗃️如何在極簡的家￼盡量增加收納空間？好物分享😍,,"<p></p><p>📺 KIRA CHAN 陳葦璇 | <a href=""https://www.youtube.com/watch?v=mywPyaLzQxo"" target=""_blank"">觀看影片</a></p>",,,,2026-09-22,https://img.youtube.com/vi/mywPyaLzQxo/hqdefault.jpg,published,hk
t222,開箱新家白系廚房 Kitchen Tour | 廚房收納 |  解放雙手Miele洗碗機 | IKEA、宜得利收納好物分享  #艾比的小日常,,"<p></p><p>📺 艾比的小日常 | <a href=""https://www.youtube.com/watch?v=U_UKtcfHHQk"" target=""_blank"">觀看影片</a></p>",,,,2026-09-22,https://img.youtube.com/vi/U_UKtcfHHQk/hqdefault.jpg,published,hk
t223,一個慳錢嘅香港人，一日究竟使幾多錢？｜三餐＋交通＋日常開支全部計畀你睇｜香港慳錢生活,,"<p></p><p>📺 Cantonese Legend | <a href=""https://www.youtube.com/watch?v=KU-6QpzsCKQ"" target=""_blank"">觀看影片</a></p>",,,,2026-09-22,https://img.youtube.com/vi/KU-6QpzsCKQ/hqdefault.jpg,published,hk
t224,【#清潔洗衣機】每年一次！洗衣機都要大掃除 粉盒、滾洞最污糟 預防膠邊發霉要咁做！？,,"<p></p><p>📺 U Magazine | <a href=""https://www.youtube.com/watch?v=E3XMx1qMIns"" target=""_blank"">觀看影片</a></p>",,,,2026-09-22,https://img.youtube.com/vi/E3XMx1qMIns/hqdefault.jpg,published,hk
t225,【淘寶大爆買】久違淘寶購物開箱/使用多年的淘寶集運分享/縫紉角打掃/新鑄鐵鍋開箱/檸檬雞翅晚餐料理,,"<p></p><p>📺 Lanlan Channel | <a href=""https://www.youtube.com/watch?v=Xe5PAjegws8"" target=""_blank"">觀看影片</a></p>",,,,2026-09-22,https://img.youtube.com/vi/Xe5PAjegws8/hqdefault.jpg,published,hk
